Id_Equipo;Nombre_Equipo;Anio;Salario_Promedio_Equipo;Porcentaje_Victorias;Salario_Relativo;Porcentaje_Victorias_Predicho;Error_Prediccion
49408;Atlanta Braves;1985;673045,45;0,4074;0,9615384615384616;0,9441003351768058;-0,5367003351768058
49409;Baltimore Orioles;1985;525486,91;0,5155;0,8076923076923077;0,790254181330652;-0,274754181330652
49410;Boston Red Sox;1985;435902,4;0,5;0,34615384615384615;0,3287157197921904;0,1712842802078096
49411;California Angels;1985;515281,93;0,5556;0,6923076923076923;0,6748695659460365;-0,11926956594603655
49412;Chicago White Sox;1985;468865,62;0,5247;0,4230769230769231;0,4056387967152673;0,11906120328473274
49413;Chicago Cubs;1985;577405,32;0,4783;0,8846153846153846;0,8671772582537288;-0,3888772582537288
49414;Cincinnati Reds;1985;379996,23;0,5528;0,15384615384615385;0,1364080274844981;0,41639197251550186
49415;Cleveland Indians;1985;327583,3;0,3704;0,11538461538461539;0,09794648902295962;0,2724535109770404
49416;Detroit Tigers;1985;517407,15;0,5217;0,7692307692307693;0,7517926428691135;-0,23009264286911346
49417;Houston Astros;1985;499652,55;0,5123;0,6153846153846154;0,5979464890229597;-0,08564648902295968
49418;Kansas City Royals;1985;423689,95;0,5617;0,2692307692307692;0,25179264286911346;0,3099073571308865
49419;Los Angeles Dodgers;1985;476865,96;0,5864;0,5384615384615384;0,5210234120998827;0,06537658790011736
49420;Minnesota Twins;1985;303411,63;0,4753;0,07692307692307693;0,059484950561421154;0,41581504943857883
49421;Milwaukee Brewers;1985;593900,37;0,441;0,9230769230769231;0,9056387967152674;-0,46463879671526737
49422;Montreal Expos;1985;473508,3;0,5217;0,5;0,48256187363834424;0,03913812636165581
49423;New York Yankees;1985;711910,2;0,6025;1,0;0,9825618736383442;-0,3800618736383442
49424;New York Mets;1985;515941,05;0,6049;0,7307692307692307;0,713331104407575;-0,10843110440757497
49425;Oakland Athletics;1985;431362,19;0,4753;0,3076923076923077;0,29025418133065195;0,18504581866934805
49426;Philadelphia Phillies;1985;532892,95;0,463;0,8461538461538461;0,8287157197921904;-0,36571571979219036
49427;Pittsburgh Pirates;1985;485657,89;0,354;0,5769230769230769;0,5594849505614211;-0,20548495056142113
49428;San Diego Padres;1985;501662,86;0,5123;0,6538461538461539;0,6364080274844981;-0,12410802748449812
49429;Seattle Mariners;1985;256277,78;0,4568;0,038461538461538464;0,021023412099882694;0,4357765879001173
49430;San Francisco Giants;1985;411085,7;0,3827;0,23076923076923078;0,21333110440757502;0,16936889559242496
49431;St. Louis Cardinals;1985;472683,32;0,6235;0,46153846153846156;0,4441003351768058;0,17939966482319425
49432;Texas Rangers;1985;383825,0;0,3851;0,19230769230769232;0,17486956594603656;0,21023043405396344
49433;Toronto Blue Jays;1985;440627,5;0,6149;0,38461538461538464;0,3671772582537289;0,24772274174627112
49434;Atlanta Braves;1986;589751,24;0,4472;0,9615384615384616;0,9441003351768058;-0,4969003351768058
49435;Baltimore Orioles;1986;448319,24;0,4506;0,5769230769230769;0,5594849505614211;-0,10888495056142111
49436;Boston Red Sox;1986;496628,93;0,5901;0,8076923076923077;0,790254181330652;-0,200154181330652
49437;California Angels;1986;497491,66;0,5679;0,8461538461538461;0,8287157197921904;-0,2608157197921904
49438;Chicago White Sox;1986;336090,94;0,4444;0,23076923076923078;0,21333110440757502;0,231068895592425
49439;Chicago Cubs;1986;555102,1;0,4375;0,9230769230769231;0,9056387967152674;-0,46813879671526737
49440;Cincinnati Reds;1986;396879,6;0,5309;0,46153846153846156;0,4441003351768058;0,08679966482319423
49441;Cleveland Indians;1986;251919,35;0,5185;0,07692307692307693;0,059484950561421154;0,4590150494385788
49442;Detroit Tigers;1986;456878,3;0,537;0,6538461538461539;0,6364080274844981;-0,09940802748449806
49443;Houston Astros;1986;411386,5;0,5926;0,5384615384615384;0,5210234120998827;0,07157658790011734
49444;Kansas City Royals;1986;465846,36;0,4691;0,6923076923076923;0,6748695659460365;-0,20576956594603651
49445;Los Angeles Dodgers;1986;466055,5;0,4506;0,7307692307692307;0,713331104407575;-0,26273110440757497
49446;Minnesota Twins;1986;397643,95;0,4383;0,5;0,48256187363834424;-0,04426187363834422
49447;Milwaukee Brewers;1986;355130,07;0,4783;0,3076923076923077;0,29025418133065195;0,18804581866934805
49448;Montreal Expos;1986;346987,5;0,4845;0,2692307692307692;0,25179264286911346;0,23270735713088653
49449;New York Yankees;1986;660509,04;0,5556;1,0;0,9825618736383442;-0,42696187363834426
49450;New York Mets;1986;549775,5;0,6667;0,8846153846153846;0,8671772582537288;-0,20047725825372886
49451;Oakland Athletics;1986;315465,19;0,4691;0,15384615384615385;0,1364080274844981;0,3326919725155019
49452;Philadelphia Phillies;1986;373876,32;0,5342;0,38461538461538464;0,3671772582537289;0,16702274174627113
49453;Pittsburgh Pirates;1986;373913,79;0,3951;0,4230769230769231;0,4056387967152673;-0,010538796715267307
49454;San Diego Padres;1986;455227,72;0,4568;0,6153846153846154;0,5979464890229597;-0,14114648902295968
49455;Seattle Mariners;1986;229165,73;0,4136;0,038461538461538464;0,021023412099882694;0,39257658790011735
49456;San Francisco Giants;1986;319535,71;0,5123;0,19230769230769232;0,17486956594603656;0,33743043405396345
49457;St. Louis Cardinals;1986;365741,11;0,4907;0,34615384615384615;0,3287157197921904;0,16198428020780964
49458;Texas Rangers;1986;259350,73;0,537;0,11538461538461539;0,09794648902295962;0,43905351097704043
49459;Toronto Blue Jays;1986;467075,81;0,5309;0,7692307692307693;0,7517926428691135;-0,22089264286911348
49460;Atlanta Braves;1987;517017,5;0,4286;0,8076923076923077;0,790254181330652;-0,36165418133065197
49461;Baltimore Orioles;1987;463342,43;0,4136;0,6153846153846154;0,5979464890229597;-0,18434648902295964
49462;Boston Red Sox;1987;676277,8;0,4815;0,9615384615384616;0,9441003351768058;-0,4626003351768058
49463;California Angels;1987;475685,15;0,463;0,6538461538461539;0,6364080274844981;-0,17340802748449807
49464;Chicago White Sox;1987;443410,13;0,4753;0,46153846153846156;0,4441003351768058;0,031199664823194195
49465;Chicago Cubs;1987;550307,65;0,472;0,8846153846153846;0,8671772582537288;-0,39517725825372885
49466;Cincinnati Reds;1987;356980,77;0,5185;0,3076923076923077;0,29025418133065195;0,228245818669348
49467;Cleveland Indians;1987;304062,5;0,3765;0,19230769230769232;0,17486956594603656;0,20163043405396344
49468;Detroit Tigers;1987;527081,78;0,6049;0,8461538461538461;0,8287157197921904;-0,2238157197921904
49469;Houston Astros;1987;450298,96;0,4691;0,5384615384615384;0,5210234120998827;-0,05192341209988266
49470;Kansas City Royals;1987;438076,15;0,5123;0,4230769230769231;0,4056387967152673;0,10666120328473266
49471;Los Angeles Dodgers;1987;488407,25;0,4506;0,7307692307692307;0,713331104407575;-0,26273110440757497
49472;Minnesota Twins;1987;710833,33;0,5247;1,0;0,9825618736383442;-0,4578618736383442
49473;Milwaukee Brewers;1987;260472,29;0,5617;0,11538461538461539;0,09794648902295962;0,4637535109770404
49474;Montreal Expos;1987;289252,17;0,5617;0,15384615384615385;0,1364080274844981;0,4252919725155019
49475;New York Yankees;1987;488563,26;0,5494;0,7692307692307693;0,7517926428691135;-0,20239264286911351
49476;New York Mets;1987;553868,56;0,5679;0,9230769230769231;0,9056387967152674;-0,3377387967152674
49477;Oakland Athletics;1987;449263,04;0,5;0,5;0,48256187363834424;0,01743812636165576
49478;Philadelphia Phillies;1987;479759,71;0,4938;0,6923076923076923;0,6748695659460365;-0,18106956594603651
49479;Pittsburgh Pirates;1987;306080,0;0,4938;0,23076923076923078;0,21333110440757502;0,280468895592425
49480;San Diego Padres;1987;409844,3;0,4012;0,38461538461538464;0,3671772582537289;0,03402274174627112
49481;Seattle Mariners;1987;251500,0;0,4815;0,07692307692307693;0,059484950561421154;0,4220150494385788
49482;San Francisco Giants;1987;316956,52;0,5556;0,2692307692307692;0,25179264286911346;0,3038073571308865
49483;St. Louis Cardinals;1987;379290,32;0,5864;0,34615384615384615;0,3287157197921904;0,25768428020780965
49484;Texas Rangers;1987;220000,0;0,463;0,038461538461538464;0,021023412099882694;0,44197658790011735
49485;Toronto Blue Jays;1987;455630,48;0,5926;0,5769230769230769;0,5594849505614211;0,0331150494385789
49486;Atlanta Braves;1988;438902,55;0,3375;0,46153846153846156;0,4441003351768058;-0,10660033517680578
49487;Baltimore Orioles;1988;501187,96;0,3354;0,6538461538461539;0,6364080274844981;-0,3010080274844981
49488;Boston Red Sox;1988;579003,83;0,5494;0,9230769230769231;0,9056387967152674;-0,35623879671526737
49489;California Angels;1988;426692,43;0,463;0,4230769230769231;0,4056387967152673;0,05736120328473271
49490;Chicago White Sox;1988;266250,0;0,441;0,11538461538461539;0,09794648902295962;0,3430535109770404
49491;Chicago Cubs;1988;524767,92;0,4753;0,6923076923076923;0,6748695659460365;-0,19956956594603653
49492;Cincinnati Reds;1988;355536,36;0,5404;0,23076923076923078;0,21333110440757502;0,32706889559242497
49493;Cleveland Indians;1988;406204,55;0,4815;0,34615384615384615;0,3287157197921904;0,1527842802078096
49494;Detroit Tigers;1988;559546,57;0,5432;0,8076923076923077;0,790254181330652;-0,24705418133065193
49495;Houston Astros;1988;472544,88;0,5062;0,5384615384615384;0,5210234120998827;-0,014823412099882693
49496;Kansas City Royals;1988;559867,77;0,5217;0,8461538461538461;0,8287157197921904;-0,30701571979219033
49497;Los Angeles Dodgers;1988;561683,83;0,5839;0,8846153846153846;0,8671772582537288;-0,28327725825372885
49498;Minnesota Twins;1988;541855,04;0,5617;0,7692307692307693;0,7517926428691135;-0,19009264286911354
49499;Milwaukee Brewers;1988;381909,09;0,537;0,2692307692307692;0,25179264286911346;0,2852073571308866
49500;Montreal Expos;1988;384133,32;0,5;0,3076923076923077;0,29025418133065195;0,20974581866934805
49501;New York Yankees;1988;648038,4;0,528;1,0;0,9825618736383442;-0,4545618736383442
49502;New York Mets;1988;610772,56;0,625;0,9615384615384616;0,9441003351768058;-0,3191003351768058
49503;Oakland Athletics;1988;421304,35;0,642;0,38461538461538464;0,3671772582537289;0,27482274174627114
49504;Philadelphia Phillies;1988;532230,77;0,4037;0,7307692307692307;0,713331104407575;-0,30963110440757496
49505;Pittsburgh Pirates;1988;222166,67;0,5313;0,038461538461538464;0,021023412099882694;0,5102765879001173
49506;San Diego Padres;1988;354111,19;0,5155;0,19230769230769232;0,17486956594603656;0,3406304340539634
49507;Seattle Mariners;1988;282401,92;0,4224;0,15384615384615385;0,1364080274844981;0,2859919725155019
49508;San Francisco Giants;1988;495200,0;0,5123;0,6153846153846154;0,5979464890229597;-0,08564648902295968
49509;St. Louis Cardinals;1988;477037,04;0,4691;0,5769230769230769;0,5594849505614211;-0,0903849505614211
49510;Texas Rangers;1988;242824,14;0,4348;0,07692307692307693;0,059484950561421154;0,37531504943857885
49511;Toronto Blue Jays;1988;470816,35;0,537;0,5;0,48256187363834424;0,05443812636165579
49512;Atlanta Braves;1989;370411,13;0,3937;0,15384615384615385;0,1364080274844981;0,2572919725155019
49513;Baltimore Orioles;1989;318275,65;0,537;0,07692307692307693;0,059484950561421154;0,47751504943857886
49514;Boston Red Sox;1989;672374,92;0,5123;0,8846153846153846;0,8671772582537288;-0,35487725825372884
49515;California Angels;1989;580685,88;0,5617;0,6923076923076923;0,6748695659460365;-0,11316956594603655
49516;Chicago White Sox;1989;290616,4;0,4286;0,038461538461538464;0,021023412099882694;0,4075765879001173
49517;Chicago Cubs;1989;444500,0;0,5741;0,4230769230769231;0,4056387967152673;0,16846120328473274
49518;Cincinnati Reds;1989;381793,1;0,463;0,19230769230769232;0,17486956594603656;0,28813043405396344
49519;Cleveland Indians;1989;336833,33;0,4506;0,11538461538461539;0,09794648902295962;0,3526535109770404
49520;Detroit Tigers;1989;582554,0;0,3642;0,7692307692307693;0,7517926428691135;-0,3875926428691135
49521;Houston Astros;1989;556648,15;0,5309;0,6153846153846154;0,5979464890229597;-0,06704648902295962
49522;Kansas City Royals;1989;691984,0;0,5679;0,9615384615384616;0,9441003351768058;-0,37620033517680584
49523;Los Angeles Dodgers;1989;679727,81;0,4813;0,9230769230769231;0,9056387967152674;-0,42433879671526736
49524;Minnesota Twins;1989;621266,64;0,4938;0,8076923076923077;0,790254181330652;-0,29645418133065193
49525;Milwaukee Brewers;1989;384433,33;0,5;0,23076923076923078;0,21333110440757502;0,286668895592425
49526;Montreal Expos;1989;493121,04;0,5;0,46153846153846156;0,4441003351768058;0,055899664823194195
49527;New York Yankees;1989;552076,61;0,4596;0,5769230769230769;0,5594849505614211;-0,0998849505614211
49528;New York Mets;1989;710181,11;0,537;1,0;0,9825618736383442;-0,4455618736383442
49529;Oakland Athletics;1989;624522,8;0,6111;0,8461538461538461;0,8287157197921904;-0,2176157197921904
49530;Philadelphia Phillies;1989;407846,15;0,4136;0,34615384615384615;0,3287157197921904;0,08488428020780964
49531;Pittsburgh Pirates;1989;439224,14;0,4568;0,38461538461538464;0,3671772582537289;0,0896227417462711
49532;San Diego Padres;1989;525740,74;0,5494;0,5;0,48256187363834424;0,06683812636165576
49533;Seattle Mariners;1989;407479,17;0,4506;0,3076923076923077;0,29025418133065195;0,16034581866934805
49534;San Francisco Giants;1989;534386,93;0,5679;0,5384615384615384;0,5210234120998827;0,046876587900117284
49535;St. Louis Cardinals;1989;574244,04;0,5309;0,6538461538461539;0,6364080274844981;-0,10550802748449806
49536;Texas Rangers;1989;396459,37;0,5123;0,2692307692307692;0,25179264286911346;0,2605073571308865
49537;Toronto Blue Jays;1989;580773,79;0,5494;0,7307692307692307;0,713331104407575;-0,16393110440757497
49538;Atlanta Braves;1990;454859,41;0,4012;0,4230769230769231;0,4056387967152673;-0,0044387967152673125
49539;Baltimore Orioles;1990;261623,89;0,472;0,038461538461538464;0,021023412099882694;0,4509765879001173
49540;Boston Red Sox;1990;642447,91;0,5432;0,8846153846153846;0,8671772582537288;-0,3239772582537288
49541;California Angels;1990;620571,43;0,4938;0,8076923076923077;0,790254181330652;-0,29645418133065193
49542;Chicago White Sox;1990;306177,42;0,5802;0,07692307692307693;0,059484950561421154;0,5207150494385789
49543;Chicago Cubs;1990;439483,87;0,4753;0,38461538461538464;0,3671772582537289;0,10812274174627112
49544;Cincinnati Reds;1990;422647,06;0,5617;0,23076923076923078;0,21333110440757502;0,34836889559242495
49545;Cleveland Indians;1990;439000,0;0,4753;0,3076923076923077;0,29025418133065195;0,18504581866934805
49546;Detroit Tigers;1990;533128,42;0,4877;0,5;0,48256187363834424;0,0051381263616557815
49547;Houston Astros;1990;591290,32;0,463;0,7307692307692307;0,713331104407575;-0,25033110440757494
49548;Kansas City Royals;1990;667459,54;0,4658;0,9615384615384616;0,9441003351768058;-0,4783003351768058
49549;Los Angeles Dodgers;1990;609105,83;0,5309;0,7692307692307693;0,7517926428691135;-0,22089264286911348
49550;Minnesota Twins;1990;405611,11;0,4568;0,19230769230769232;0,17486956594603656;0,28193043405396345
49551;Milwaukee Brewers;1990;532950,46;0,4568;0,46153846153846156;0,4441003351768058;0,012699664823194179
49552;Montreal Expos;1990;535044,77;0,5247;0,5384615384615384;0,5210234120998827;0,0036765879001173785
49553;New York Yankees;1990;633706,61;0,4136;0,8461538461538461;0,8287157197921904;-0,41511571979219036
49554;New York Mets;1990;678838,56;0,5617;1,0;0,9825618736383442;-0,42086187363834426
49555;Oakland Athletics;1990;584926,5;0,6358;0,6538461538461539;0,6364080274844981;-0,0006080274844980638
49556;Philadelphia Phillies;1990;439122,23;0,4753;0,34615384615384615;0,3287157197921904;0,14658428020780961
49557;Pittsburgh Pirates;1990;432111,11;0,5864;0,2692307692307692;0,25179264286911346;0,3346073571308866
49558;San Diego Padres;1990;549635,44;0,463;0,5769230769230769;0,5594849505614211;-0,09648495056142109
49559;Seattle Mariners;1990;369225,5;0,4753;0,11538461538461539;0,09794648902295962;0,3773535109770404
49560;San Francisco Giants;1990;568686,26;0,5247;0,6153846153846154;0,5979464890229597;-0,0732464890229596
49561;St. Louis Cardinals;1990;586380,97;0,4321;0,6923076923076923;0,6748695659460365;-0,24276956594603655
49562;Texas Rangers;1990;402010,05;0,5123;0,15384615384615385;0,1364080274844981;0,3758919725155019
49563;Toronto Blue Jays;1990;657660,52;0,5309;0,9230769230769231;0,9056387967152674;-0,37473879671526733
49564;Atlanta Braves;1991;736140,0;0,5802;0,2692307692307692;0,25179264286911346;0,3284073571308866
49565;Baltimore Orioles;1991;565129,03;0,4136;0,07692307692307693;0,059484950561421154;0,35411504943857885
49566;Boston Red Sox;1991;1172250,0;0,5185;0,8461538461538461;0,8287157197921904;-0,3102157197921904
49567;California Angels;1991;1066451,65;0,5;0,7692307692307693;0,7517926428691135;-0,2517926428691135
49568;Chicago White Sox;1991;604273,82;0,537;0,19230769230769232;0,17486956594603656;0,3621304340539635
49569;Chicago Cubs;1991;927026,68;0,4813;0,5384615384615384;0,5210234120998827;-0,03972341209988267
49570;Cincinnati Reds;1991;1011743,58;0,4568;0,7307692307692307;0,713331104407575;-0,256531104407575
49571;Cleveland Indians;1991;587833,33;0,3519;0,11538461538461539;0,09794648902295962;0,2539535109770404
49572;Detroit Tigers;1991;953533,32;0,5185;0,5769230769230769;0,5594849505614211;-0,04098495056142115
49573;Houston Astros;1991;514100,0;0,4012;0,038461538461538464;0,021023412099882694;0,3801765879001173
49574;Kansas City Royals;1991;1253325,43;0,5062;0,9230769230769231;0,9056387967152674;-0,3994387967152674
49575;Los Angeles Dodgers;1991;1093022,13;0,5741;0,8076923076923077;0,790254181330652;-0,2161541813306519
49576;Minnesota Twins;1991;973409,71;0,5864;0,6153846153846154;0,5979464890229597;-0,011546489022959627
49577;Milwaukee Brewers;1991;1005021,74;0,5123;0,6923076923076923;0,6748695659460365;-0,16256956594603655
49578;Montreal Expos;1991;631313,71;0,441;0,23076923076923078;0,21333110440757502;0,22766889559242498
49579;New York Yankees;1991;976577,43;0,4383;0,6538461538461539;0,6364080274844981;-0,19810802748449807
49580;New York Mets;1991;1253461,58;0,4783;0,9615384615384616;0,9441003351768058;-0,4658003351768058
49581;Oakland Athletics;1991;1423044,88;0,5185;1,0;0,9825618736383442;-0,4640618736383443
49582;Philadelphia Phillies;1991;749577,73;0,4815;0,34615384615384615;0,3287157197921904;0,1527842802078096
49583;Pittsburgh Pirates;1991;875358,04;0,6049;0,5;0,48256187363834424;0,12233812636165575
49584;San Diego Padres;1991;738333,37;0,5185;0,3076923076923077;0,29025418133065195;0,228245818669348
49585;Seattle Mariners;1991;603532,04;0,5123;0,15384615384615385;0,1364080274844981;0,3758919725155019
49586;San Francisco Giants;1991;1191064,08;0,463;0,8846153846153846;0,8671772582537288;-0,4041772582537288
49587;St. Louis Cardinals;1991;753793,14;0,5185;0,38461538461538464;0,3671772582537289;0,15132274174627108
49588;Texas Rangers;1991;867833,33;0,5247;0,46153846153846156;0,4441003351768058;0,08059966482319425
49589;Toronto Blue Jays;1991;796096,68;0,5617;0,4230769230769231;0,4056387967152673;0,15606120328473266
49590;Atlanta Braves;1992;1116946,23;0,6049;0,5384615384615384;0,5210234120998827;0,08387658790011732
49591;Baltimore Orioles;1992;720626,27;0,5494;0,15384615384615385;0,1364080274844981;0,4129919725155019
49592;Boston Red Sox;1992;1406793,03;0,4506;0,9230769230769231;0,9056387967152674;-0,45503879671526737
49593;California Angels;1992;1158311,13;0,4444;0,6538461538461539;0,6364080274844981;-0,19200802748449808
49594;Chicago White Sox;1992;1005361,1;0,5309;0,46153846153846156;0,4441003351768058;0,08679966482319423
49595;Chicago Cubs;1992;1065345,93;0,4815;0,5;0,48256187363834424;-0,0010618736383442573
49596;Cincinnati Reds;1992;1330796,26;0,5556;0,8846153846153846;0,8671772582537288;-0,31157725825372884
49597;Cleveland Indians;1992;267801,26;0,4691;0,038461538461538464;0,021023412099882694;0,44807658790011734
49598;Detroit Tigers;1992;975815,5;0,463;0,38461538461538464;0,3671772582537289;0,09582274174627115
49599;Houston Astros;1992;513583,33;0,5;0,07692307692307693;0,059484950561421154;0,44051504943857883
49600;Kansas City Royals;1992;1210494,07;0,4444;0,6923076923076923;0,6748695659460365;-0,23046956594603651
49601;Los Angeles Dodgers;1992;1544419,52;0,3889;0,9615384615384616;0,9441003351768058;-0,5552003351768058
49602;Minnesota Twins;1992;1000994,07;0,5556;0,4230769230769231;0,4056387967152673;0,14996120328473267
49603;Milwaukee Brewers;1992;1148654,33;0,5679;0,6153846153846154;0,5979464890229597;-0,0300464890229597
49604;Montreal Expos;1992;586012,37;0,537;0,11538461538461539;0,09794648902295962;0,43905351097704043
49605;New York Yankees;1992;1137676,79;0,4691;0,5769230769230769;0,5594849505614211;-0,0903849505614211
49606;New York Mets;1992;1715461,62;0,4444;1,0;0,9825618736383442;-0,5381618736383442
49607;Oakland Athletics;1992;1282343,75;0,5926;0,8076923076923077;0,790254181330652;-0,19765418133065193
49608;Philadelphia Phillies;1992;812794,47;0,4321;0,23076923076923078;0,21333110440757502;0,21876889559242496
49609;Pittsburgh Pirates;1992;1212291,68;0,5926;0,7307692307692307;0,713331104407575;-0,12073110440757495
49610;San Diego Padres;1992;959077,39;0,5062;0,3076923076923077;0,29025418133065195;0,21594581866934803
49611;Seattle Mariners;1992;799304,59;0,3951;0,19230769230769232;0,17486956594603656;0,22023043405396345
49612;San Francisco Giants;1992;1326526,72;0,4444;0,8461538461538461;0,8287157197921904;-0,38431571979219037
49613;St. Louis Cardinals;1992;951166,76;0,5123;0,2692307692307692;0,25179264286911346;0,2605073571308865
49614;Texas Rangers;1992;971876,35;0,4753;0,34615384615384615;0,3287157197921904;0,14658428020780961
49615;Toronto Blue Jays;1992;1244129,61;0,5926;0,7692307692307693;0,7517926428691135;-0,1591926428691135
49616;Atlanta Braves;1993;1261861,12;0,642;0,7857142857142857;0,7682761593526299;-0,12627615935262992
49617;Baltimore Orioles;1993;909265,63;0,5247;0,42857142857142855;0,4111333022097728;0,11356669779022727
49618;Boston Red Sox;1993;1197438,16;0,4938;0,6428571428571429;0,6254190164954871;-0,13161901649548713
49619;California Angels;1993;893385,44;0,4383;0,39285714285714285;0,3754190164954871;0,06288098350451293
49620;Chicago White Sox;1993;1280521,48;0,5802;0,8214285714285714;0,8039904450669156;-0,2237904450669156
49621;Chicago Cubs;1993;1230833,31;0,5185;0,75;0,7325618736383442;-0,21406187363834428
49622;Cincinnati Reds;1993;1359989,88;0,4506;0,9642857142857143;0,9468475879240585;-0,49624758792405854
49623;Cleveland Indians;1993;464025,0;0,4691;0,07142857142857142;0,05399044506691565;0,4151095549330844
49624;Colorado Rockies;1993;313742,42;0,4136;0,03571428571428571;0,018276159352629943;0,3953238406473701
49625;Detroit Tigers;1993;1230650,48;0,5247;0,7142857142857143;0,6968475879240585;-0,1721475879240585
49626;Florida Marlins;1993;568545,44;0,3951;0,14285714285714285;0,1254190164954871;0,2696809835045129
49627;Houston Astros;1993;1041741,38;0,5247;0,5357142857142857;0,5182761593526299;0,006423840647370116
49628;Kansas City Royals;1993;1292067,72;0,5185;0,8571428571428571;0,8397047307812013;-0,3212047307812014
49629;Los Angeles Dodgers;1993;1229124,97;0,5;0,6785714285714286;0,6611333022097728;-0,16113330220977284
49630;Minnesota Twins;1993;855088,88;0,4383;0,32142857142857145;0,3039904450669157;0,13430955493308433
49631;Milwaukee Brewers;1993;721419,21;0,4259;0,17857142857142858;0,16113330220977282;0,2647666977902272
49632;Montreal Expos;1993;484598,28;0,5802;0,10714285714285714;0,08970473078120136;0,4904952692187987
49633;New York Yankees;1993;1302269,7;0,5432;0,9285714285714286;0,9111333022097728;-0,36793330220977283
49634;New York Mets;1993;1301455,57;0,3642;0,8928571428571429;0,8754190164954871;-0,5112190164954871
49635;Oakland Athletics;1993;1050342,58;0,4198;0,5714285714285714;0,5539904450669156;-0,13419044506691563
49636;Philadelphia Phillies;1993;891822,94;0,5988;0,35714285714285715;0,3397047307812014;0,2590952692187986
49637;Pittsburgh Pirates;1993;752195,97;0,463;0,25;0,23256187363834424;0,23043812636165578
49638;San Diego Padres;1993;750333,32;0,3765;0,21428571428571427;0,19684758792405851;0,1796524120759415
49639;Seattle Mariners;1993;990797,97;0,5062;0,5;0,48256187363834424;0,023638126361655742
49640;San Francisco Giants;1993;1130645,16;0,6358;0,6071428571428571;0,5897047307812013;0,046095269218798696
49641;St. Louis Cardinals;1993;778911,13;0,537;0,2857142857142857;0,26827615935262994;0,2687238406473701
49642;Texas Rangers;1993;957288,39;0,5309;0,4642857142857143;0,44684758792405854;0,0840524120759415
49643;Toronto Blue Jays;1993;1432702,0;0,5864;1,0;0,9825618736383442;-0,3961618736383442
49644;Atlanta Braves;1994;1646117,1;0,5965;1,0;0,9825618736383442;-0,3860618736383442
49645;Baltimore Orioles;1994;1253218,35;0,5625;0,6785714285714286;0,6611333022097728;-0,09863330220977284
49646;Boston Red Sox;1994;1261969,47;0,4696;0,7142857142857143;0,6968475879240585;-0,22724758792405853
49647;California Angels;1994;786131,81;0,4087;0,25;0,23256187363834424;0,17613812636165577
49648;Chicago White Sox;1994;1306127,87;0,5929;0,75;0,7325618736383442;-0,13966187363834426
49649;Chicago Cubs;1994;1170559,13;0,4336;0,6071428571428571;0,5897047307812013;-0,15610473078120135
49650;Cincinnati Reds;1994;1321349,45;0,5789;0,7857142857142857;0,7682761593526299;-0,18937615935262997
49651;Cleveland Indians;1994;871157,14;0,5841;0,2857142857142857;0,26827615935262994;0,31582384064737
49652;Colorado Rockies;1994;702568,62;0,453;0,14285714285714285;0,1254190164954871;0,3275809835045129
49653;Detroit Tigers;1994;1336983,9;0,4609;0,8571428571428571;0,8397047307812013;-0,37880473078120136
49654;Florida Marlins;1994;584675,68;0,4435;0,07142857142857142;0,05399044506691565;0,38950955493308437
49655;Houston Astros;1994;1003818,18;0,5739;0,5357142857142857;0,5182761593526299;0,055623840647370026
49656;Kansas City Royals;1994;1501530,89;0,5565;0,9285714285714286;0,9111333022097728;-0,35463330220977285
49657;Los Angeles Dodgers;1994;1225806,48;0,5088;0,6428571428571429;0,6254190164954871;-0,11661901649548712
49658;Minnesota Twins;1994;947950,0;0,469;0,35714285714285715;0,3397047307812014;0,12929526921879858
49659;Milwaukee Brewers;1994;785500,0;0,4609;0,21428571428571427;0,19684758792405851;0,26405241207594143
49660;Montreal Expos;1994;682071,43;0,6491;0,10714285714285714;0,08970473078120136;0,5593952692187987
49661;New York Yankees;1994;1576942,55;0,6195;0,9642857142857143;0,9468475879240585;-0,3273475879240585
49662;New York Mets;1994;998599,45;0,4867;0,4642857142857143;0,44684758792405854;0,03985241207594148
49663;Oakland Athletics;1994;1035530,3;0,4474;0,5714285714285714;0,5539904450669156;-0,10659044506691562
49664;Philadelphia Phillies;1994;987468,75;0,4696;0,42857142857142855;0,4111333022097728;0,05846669779022723
49665;Pittsburgh Pirates;1994;712272,06;0,4649;0,17857142857142858;0,16113330220977282;0,30376669779022714
49666;San Diego Padres;1994;426180,94;0,4017;0,03571428571428571;0,018276159352629943;0,38342384064737006
49667;Seattle Mariners;1994;885712,12;0,4375;0,32142857142857145;0,3039904450669157;0,1335095549330843
49668;San Francisco Giants;1994;1332458,31;0,4783;0,8214285714285714;0,8039904450669156;-0,32569044506691563
49669;St. Louis Cardinals;1994;975853,37;0,4649;0,39285714285714285;0,3754190164954871;0,08948098350451289
49670;Texas Rangers;1994;999199,91;0,4561;0,5;0,48256187363834424;-0,026461873638344235
49671;Toronto Blue Jays;1994;1447788,93;0,4783;0,8928571428571429;0,8754190164954871;-0,39711901649548714
49672;Atlanta Braves;1995;1628808,45;0,625;1,0;0,9825618736383442;-0,35756187363834424
49673;Baltimore Orioles;1995;1187635,7;0,4931;0,8214285714285714;0,8039904450669156;-0,31089044506691565
49674;Boston Red Sox;1995;877176,16;0,5972;0,35714285714285715;0,3397047307812014;0,25749526921879856
49675;California Angels;1995;946156,7;0,5379;0,4642857142857143;0,44684758792405854;0,0910524120759415
49676;Chicago White Sox;1995;1341750,91;0,4722;0,8928571428571429;0,8754190164954871;-0,40321901649548714
49677;Chicago Cubs;1995;922057,31;0,5069;0,39285714285714285;0,3754190164954871;0,13148098350451293
49678;Cincinnati Reds;1995;1268960,88;0,5903;0,8571428571428571;0,8397047307812013;-0,2494047307812013
49679;Cleveland Indians;1995;1083938,14;0,6944;0,75;0,7325618736383442;-0,038161873638344224
49680;Colorado Rockies;1995;948742,14;0,5347;0,5;0,48256187363834424;0,05213812636165571
49681;Detroit Tigers;1995;1122550,55;0,4167;0,7857142857142857;0,7682761593526299;-0,3515761593526299
49682;Florida Marlins;1995;662588,68;0,4685;0,14285714285714285;0,1254190164954871;0,34308098350451294
49683;Houston Astros;1995;949162,06;0,5278;0,5357142857142857;0,5182761593526299;0,009523840647370108
49684;Kansas City Royals;1995;738320,85;0,4861;0,21428571428571427;0,19684758792405851;0,28925241207594143
49685;Los Angeles Dodgers;1995;1061437,86;0,5417;0,7142857142857143;0,6968475879240585;-0,15514758792405858
49686;Minnesota Twins;1995;770015,15;0,3889;0,25;0,23256187363834424;0,15633812636165578
49687;Milwaukee Brewers;1995;508537,86;0,4514;0,07142857142857142;0,05399044506691565;0,3974095549330844
49688;Montreal Expos;1995;374666,67;0,4583;0,03571428571428571;0,018276159352629943;0,44002384064737005
49689;New York Yankees;1995;1437495,62;0,5486;0,9285714285714286;0,9111333022097728;-0,36253330220977287
49690;New York Mets;1995;674999,8;0,4792;0,17857142857142858;0,16113330220977282;0,3180666977902272
49691;Oakland Athletics;1995;1019979,05;0,4653;0,6428571428571429;0,6254190164954871;-0,16011901649548715
49692;Philadelphia Phillies;1995;783485,77;0,4792;0,2857142857142857;0,26827615935262994;0,21092384064737008
49693;Pittsburgh Pirates;1995;556222,58;0,4028;0,10714285714285714;0,08970473078120136;0,3130952692187986
49694;San Diego Padres;1995;851043,03;0,4861;0,32142857142857145;0,3039904450669157;0,18210955493308428
49695;Seattle Mariners;1995;1042323,17;0,5448;0,6785714285714286;0,6611333022097728;-0,11633330220977289
49696;San Francisco Giants;1995;934943,0;0,4653;0,42857142857142855;0,4111333022097728;0,0541666977902272
49697;St. Louis Cardinals;1995;976342,11;0,4336;0,5714285714285714;0,5539904450669156;-0,12039044506691565
49698;Texas Rangers;1995;1017101,5;0,5139;0,6071428571428571;0,5897047307812013;-0,07580473078120131
49699;Toronto Blue Jays;1995;1533030,3;0,3889;0,9642857142857143;0,9468475879240585;-0,5579475879240585
49700;Atlanta Braves;1996;1656616,67;0,5926;0,9642857142857143;0,9468475879240585;-0,3542475879240585
49701;Baltimore Orioles;1996;1702822,34;0,5432;1,0;0,9825618736383442;-0,4393618736383442
49702;Boston Red Sox;1996;1177597,22;0,5247;0,6428571428571429;0,6254190164954871;-0,10071901649548709
49703;California Angels;1996;776702,7;0,4348;0,32142857142857145;0,3039904450669157;0,13080955493308433
49704;Chicago White Sox;1996;1612125,0;0,5247;0,9285714285714286;0,9111333022097728;-0,3864333022097728
49705;Chicago Cubs;1996;1002454,55;0,4691;0,5357142857142857;0,5182761593526299;-0,04917615935262992
49706;Cincinnati Reds;1996;1215038,11;0,5;0,7142857142857143;0,6968475879240585;-0,19684758792405854
49707;Cleveland Indians;1996;1551850,32;0,6149;0,8571428571428571;0,8397047307812013;-0,22480473078120133
49708;Colorado Rockies;1996;1296123,32;0,5123;0,8214285714285714;0,8039904450669156;-0,29169044506691566
49709;Detroit Tigers;1996;732437,5;0,3272;0,25;0,23256187363834424;0,09463812636165575
49710;Florida Marlins;1996;969453,13;0,4938;0,5;0,48256187363834424;0,011238126361655776
49711;Houston Astros;1996;918935,48;0,5062;0,42857142857142855;0,4111333022097728;0,0950666977902272
49712;Kansas City Royals;1996;614583,33;0,4658;0,10714285714285714;0,08970473078120136;0,37609526921879866
49713;Los Angeles Dodgers;1996;1104843,75;0,5556;0,6071428571428571;0,5897047307812013;-0,03410473078120135
49714;Minnesota Twins;1996;700515,15;0,4815;0,21428571428571427;0,19684758792405851;0,2846524120759415
49715;Milwaukee Brewers;1996;639117,65;0,4938;0,14285714285714285;0,1254190164954871;0,3683809835045129
49716;Montreal Expos;1996;524661,29;0,5432;0,03571428571428571;0,018276159352629943;0,5249238406473701
49717;New York Yankees;1996;1593876,24;0,5679;0,8928571428571429;0,8754190164954871;-0,3075190164954872
49718;New York Mets;1996;741803,03;0,4383;0,2857142857142857;0,26827615935262994;0,17002384064737008
49719;Oakland Athletics;1996;574135,14;0,4815;0,07142857142857142;0,05399044506691565;0,42750955493308435
49720;Philadelphia Phillies;1996;798011,63;0,4136;0,35714285714285715;0,3397047307812014;0,07389526921879863
49721;Pittsburgh Pirates;1996;657642,86;0,4506;0,17857142857142858;0,16113330220977282;0,28946669779022716
49722;San Diego Padres;1996;944939,07;0,5617;0,4642857142857143;0,44684758792405854;0,11485241207594143
49723;Seattle Mariners;1996;1215544,15;0,528;0,75;0,7325618736383442;-0,20456187363834422
49724;San Francisco Giants;1996;1061277,86;0,4198;0,5714285714285714;0,5539904450669156;-0,13419044506691563
49725;St. Louis Cardinals;1996;1220292,94;0,5432;0,7857142857142857;0,7682761593526299;-0,22507615935262992
49726;Texas Rangers;1996;1183076,61;0,5556;0,6785714285714286;0,6611333022097728;-0,10553330220977286
49727;Toronto Blue Jays;1996;895608,58;0,4568;0,39285714285714285;0,3754190164954871;0,0813809835045129
49728;Anaheim Angels;1997;1004370,06;0,5185;0,2857142857142857;0,26827615935262994;0,25022384064737
49729;Atlanta Braves;1997;1686403,23;0,6235;0,8928571428571429;0,8754190164954871;-0,2519190164954871
49730;Baltimore Orioles;1997;2017806,9;0,6049;0,9642857142857143;0,9468475879240585;-0,34194758792405855
49731;Boston Red Sox;1997;1281139,71;0,4815;0,5357142857142857;0,5182761593526299;-0,036776159352629956
49732;Chicago White Sox;1997;1603888,89;0,4969;0,8571428571428571;0,8397047307812013;-0,34280473078120133
49733;Chicago Cubs;1997;1317354,16;0,4198;0,6428571428571429;0,6254190164954871;-0,20561901649548714
49734;Cincinnati Reds;1997;1244200,0;0,4691;0,4642857142857143;0,44684758792405854;0,022252412075941475
49735;Cleveland Indians;1997;1832337,42;0,5342;0,9285714285714286;0,9111333022097728;-0,37693330220977284
49736;Colorado Rockies;1997;1451988,9;0,5123;0,75;0,7325618736383442;-0,22026187363834426
49737;Detroit Tigers;1997;595586,21;0,4877;0,07142857142857142;0,05399044506691565;0,4337095549330844
49738;Florida Marlins;1997;1570725,81;0,5679;0,8214285714285714;0,8039904450669156;-0,23609044506691568
49739;Houston Astros;1997;1121854,84;0,5185;0,39285714285714285;0,3754190164954871;0,14308098350451287
49740;Kansas City Royals;1997;936621,62;0,4161;0,25;0,23256187363834424;0,18353812636165578
49741;Los Angeles Dodgers;1997;1512676,8;0,5432;0,7857142857142857;0,7682761593526299;-0,22507615935262992
49742;Minnesota Twins;1997;1099112,9;0,4198;0,32142857142857145;0,3039904450669157;0,11580955493308431
49743;Milwaukee Brewers;1997;695745,24;0,4845;0,17857142857142858;0,16113330220977282;0,3233666977902272
49744;Montreal Expos;1997;622435,48;0,4815;0,14285714285714285;0,1254190164954871;0,3560809835045129
49745;New York Yankees;1997;2146260,17;0,5926;1,0;0,9825618736383442;-0,3899618736383442
49746;New York Mets;1997;1137154,29;0,5432;0,42857142857142855;0,4111333022097728;0,13206669779022723
49747;Oakland Athletics;1997;615858,97;0,4012;0,10714285714285714;0,08970473078120136;0,31149526921879866
49748;Philadelphia Phillies;1997;916412,5;0,4198;0,21428571428571427;0,19684758792405851;0,2229524120759415
49749;Pittsburgh Pirates;1997;307761,91;0,4877;0,03571428571428571;0,018276159352629943;0,4694238406473701
49750;San Diego Padres;1997;1288402,48;0,4691;0,5714285714285714;0,5539904450669156;-0,08489044506691562
49751;Seattle Mariners;1997;1298145,66;0,5556;0,6071428571428571;0,5897047307812013;-0,03410473078120135
49752;San Francisco Giants;1997;1112261,81;0,5556;0,35714285714285715;0,3397047307812014;0,2158952692187986
49753;St. Louis Cardinals;1997;1262685,19;0,4506;0,5;0,48256187363834424;-0,03196187363834424
49754;Texas Rangers;1997;1444563,19;0,4753;0,7142857142857143;0,6968475879240585;-0,22154758792405854
49755;Toronto Blue Jays;1997;1426661,61;0,4691;0,6785714285714286;0,6611333022097728;-0,19203330220977283
49756;Anaheim Angels;1998;1214147,06;0,5247;0,4666666666666667;0,4492285403050109;0,07547145969498914
49757;Arizona Diamondbacks;1998;898527,78;0,4012;0,23333333333333334;0,21589520697167758;0,18530479302832242
49758;Atlanta Braves;1998;1912062,5;0,6543;0,9333333333333333;0,9158952069716776;-0,2615952069716776
49759;Baltimore Orioles;1998;2411854,47;0,4877;1,0;0,9825618736383442;-0,4948618736383442
49760;Boston Red Sox;1998;1719909,09;0,5679;0,8333333333333334;0,8158952069716776;-0,24799520697167765
49761;Chicago White Sox;1998;1161666,67;0,4938;0,43333333333333335;0,4158952069716776;0,07790479302832243
49762;Chicago Cubs;1998;1639935,48;0,5521;0,7666666666666667;0,749228540305011;-0,19712854030501092
49763;Cincinnati Reds;1998;676617,65;0,4753;0,13333333333333333;0,11589520697167756;0,35940479302832246
49764;Cleveland Indians;1998;1842429,27;0,5494;0,8666666666666667;0,8492285403050109;-0,29982854030501094
49765;Colorado Rockies;1998;1682821,6;0,4753;0,8;0,7825618736383443;-0,3072618736383443
49766;Detroit Tigers;1998;687571,43;0,4012;0,16666666666666666;0,1492285403050109;0,25197145969498913
49767;Florida Marlins;1998;1033066,68;0,3333;0,36666666666666664;0,3492285403050109;-0,015928540305010896
49768;Houston Astros;1998;1324187,5;0,6296;0,5;0,48256187363834424;0,1470381263616558
49769;Kansas City Royals;1998;945192,31;0,4472;0,26666666666666666;0,2492285403050109;0,19797145969498908
49770;Los Angeles Dodgers;1998;1435882,35;0,5123;0,5666666666666667;0,5492285403050109;-0,036928540305010915
49771;Milwaukee Brewers;1998;997497,18;0,4568;0,3333333333333333;0,31589520697167756;0,14090479302832243
49772;Minnesota Twins;1998;963017,24;0,4321;0,3;0,28256187363834423;0,14953812636165575
49773;Montreal Expos;1998;322469,7;0,4012;0,03333333333333333;0,015895206971677563;0,38530479302832243
49774;New York Yankees;1998;2087714,59;0,7037;0,9666666666666667;0,9492285403050109;-0,24552854030501092
49775;New York Mets;1998;1578121,18;0,5432;0,7;0,6825618736383442;-0,13936187363834418
49776;Oakland Athletics;1998;608657,14;0,4568;0,1;0,08256187363834423;0,37423812636165577
49777;Philadelphia Phillies;1998;1037071,43;0,463;0,4;0,38256187363834426;0,08043812636165576
49778;Pittsburgh Pirates;1998;430428,57;0,4259;0,06666666666666667;0,04922854030501089;0,3766714596949891
49779;San Diego Padres;1998;1562050,0;0,6049;0,6333333333333333;0,6158952069716775;-0,010995206971677551
49780;Seattle Mariners;1998;1423343,05;0,472;0,5333333333333333;0,5158952069716776;-0,04389520697167759
49781;San Francisco Giants;1998;1520208,36;0,546;0,6;0,5825618736383442;-0,03656187363834418
49782;St. Louis Cardinals;1998;1562072,03;0,5123;0,6666666666666666;0,6492285403050109;-0,1369285403050109
49783;Tampa Bay Devil Rays;1998;826666,67;0,3889;0,2;0,18256187363834425;0,20633812636165577
49784;Texas Rangers;1998;1885736,5;0,5432;0,9;0,8825618736383443;-0,33936187363834425
49785;Toronto Blue Jays;1998;1605500,0;0,5432;0,7333333333333333;0,7158952069716775;-0,1726952069716775
49786;Anaheim Angels;1999;1384704,15;0,4321;0,4666666666666667;0,4492285403050109;-0,01712854030501093
49787;Arizona Diamondbacks;1999;2020705,85;0,6173;0,7666666666666667;0,749228540305011;-0,131928540305011
49788;Atlanta Braves;1999;2522068,97;0,6358;0,9333333333333333;0,9158952069716776;-0,28009520697167756
49789;Baltimore Orioles;1999;2303024,66;0,4815;0,8666666666666667;0,8492285403050109;-0,36772854030501095
49790;Boston Red Sox;1999;2048306,45;0,5802;0,8;0,7825618736383443;-0,20236187363834424
49791;Chicago White Sox;1999;800625,0;0,4658;0,2;0,18256187363834425;0,28323812636165574
49792;Chicago Cubs;1999;1684945,95;0,4136;0,6333333333333333;0,6158952069716775;-0,20229520697167752
49793;Cincinnati Reds;1999;1095572,94;0,589;0,36666666666666664;0,3492285403050109;0,2397714596949891
49794;Cleveland Indians;1999;1920485,84;0,5988;0,7333333333333333;0,7158952069716775;-0,11709520697167752
49795;Colorado Rockies;1999;1821642,26;0,4444;0,7;0,6825618736383442;-0,23816187363834418
49796;Detroit Tigers;1999;1073225,47;0,4286;0,3333333333333333;0,31589520697167756;0,11270479302832243
49797;Florida Marlins;1999;585694,44;0,3951;0,06666666666666667;0,04922854030501089;0,3458714596949891
49798;Houston Astros;1999;1716062,5;0,5988;0,6666666666666666;0,6492285403050109;-0,05042854030501087
49799;Kansas City Royals;1999;708783,78;0,3975;0,13333333333333333;0,11589520697167756;0,2816047930283225
49800;Los Angeles Dodgers;1999;2378307,44;0,4753;0,9;0,8825618736383443;-0,40726187363834426
49801;Milwaukee Brewers;1999;1355543,59;0,4596;0,4;0,38256187363834426;0,07703812636165575
49802;Minnesota Twins;1999;733017,24;0,3937;0,16666666666666666;0,1492285403050109;0,2444714596949891
49803;Montreal Expos;1999;511514,29;0,4198;0,03333333333333333;0,015895206971677563;0,40390479302832244
49804;New York Yankees;1999;2990839,97;0,6049;1,0;0,9825618736383442;-0,37766187363834425
49805;New York Mets;1999;2099744,9;0,5951;0,8333333333333334;0,8158952069716776;-0,22079520697167765
49806;Oakland Athletics;1999;814394,43;0,537;0,23333333333333334;0,21589520697167758;0,32110479302832245
49807;Philadelphia Phillies;1999;932132,35;0,4753;0,26666666666666666;0,2492285403050109;0,2260714596949891
49808;Pittsburgh Pirates;1999;655728,05;0,4845;0,1;0,08256187363834423;0,40193812636165577
49809;San Diego Padres;1999;1508126,64;0,4568;0,5666666666666667;0,5492285403050109;-0,09242854030501091
49810;Seattle Mariners;1999;1503472,31;0,4877;0,5333333333333333;0,5158952069716776;-0,028195206971677544
49811;San Francisco Giants;1999;1606726,1;0,5309;0,6;0,5825618736383442;-0,05166187363834418
49812;St. Louis Cardinals;1999;1382727,64;0,4658;0,43333333333333335;0,4158952069716776;0,0499047930283224
49813;Tampa Bay Devil Rays;1999;1022894,74;0,4259;0,3;0,28256187363834423;0,14333812636165577
49814;Texas Rangers;1999;2556997,7;0,5864;0,9666666666666667;0,9492285403050109;-0,3628285403050109
49815;Toronto Blue Jays;1999;1420135,41;0,5185;0,5;0,48256187363834424;0,03593812636165572
49816;Anaheim Angels;2000;1715472,23;0,5062;0,3333333333333333;0,31589520697167756;0,19030479302832243
49817;Arizona Diamondbacks;2000;2893851,18;0,5247;0,8666666666666667;0,8492285403050109;-0,3245285403050109
49818;Atlanta Braves;2000;2817927,87;0,5864;0,8333333333333334;0,8158952069716776;-0,22949520697167758
49819;Baltimore Orioles;2000;2808532,24;0,4568;0,8;0,7825618736383443;-0,3257618736383443
49820;Boston Red Sox;2000;2598011,1;0,5247;0,7333333333333333;0,7158952069716775;-0,19119520697167747
49821;Chicago White Sox;2000;1073568,97;0,5864;0,13333333333333333;0,11589520697167756;0,4705047930283225
49822;Chicago Cubs;2000;2017977,77;0,4012;0,5;0,48256187363834424;-0,08136187363834424
49823;Cincinnati Reds;2000;1735822,22;0,5247;0,36666666666666664;0,3492285403050109;0,17547145969498917
49824;Cleveland Indians;2000;2918491,19;0,5556;0,9;0,8825618736383443;-0,3269618736383443
49825;Colorado Rockies;2000;2182542,5;0,5062;0,6333333333333333;0,6158952069716775;-0,10969520697167756
49826;Detroit Tigers;2000;2157969,15;0,4877;0,6;0,5825618736383442;-0,0948618736383442
49827;Florida Marlins;2000;709714,29;0,4907;0,06666666666666667;0,04922854030501089;0,44147145969498913
49828;Houston Astros;2000;1899596,7;0,4444;0,4666666666666667;0,4492285403050109;-0,004828540305010898
49829;Kansas City Royals;2000;836892,86;0,4753;0,1;0,08256187363834423;0,3927381263616558
49830;Los Angeles Dodgers;2000;3381703,31;0,5309;1,0;0,9825618736383442;-0,4516618736383442
49831;Milwaukee Brewers;2000;1140791,66;0,4506;0,23333333333333334;0,21589520697167758;0,23470479302832242
49832;Minnesota Twins;2000;635365,38;0,4259;0,03333333333333333;0,015895206971677563;0,41000479302832243
49833;Montreal Expos;2000;1137735,62;0,4136;0,2;0,18256187363834425;0,23103812636165577
49834;New York Yankees;2000;3297795,0;0,5404;0,9666666666666667;0,9492285403050109;-0,4088285403050109
49835;New York Mets;2000;3180391,04;0,5802;0,9333333333333333;0,9158952069716776;-0,33569520697167754
49836;Oakland Athletics;2000;1184123,44;0,5652;0,26666666666666666;0,2492285403050109;0,31597145969498913
49837;Philadelphia Phillies;2000;1631310,34;0,4012;0,3;0,28256187363834423;0,11863812636165577
49838;Pittsburgh Pirates;2000;1112628,23;0,4259;0,16666666666666666;0,1492285403050109;0,2766714596949891
49839;San Diego Padres;2000;1827366,67;0,4691;0,43333333333333335;0,4158952069716776;0,05320479302832243
49840;Seattle Mariners;2000;2265961,54;0,5617;0,6666666666666666;0,6492285403050109;-0,0875285403050109
49841;San Francisco Giants;2000;2066839,46;0,5988;0,5666666666666667;0,5492285403050109;0,049571459694989106
49842;St. Louis Cardinals;2000;2276069,0;0,5864;0,7;0,6825618736383442;-0,09616187363834416
49843;Tampa Bay Devil Rays;2000;2024681,58;0,4286;0,5333333333333333;0,5158952069716776;-0,08729520697167759
49844;Texas Rangers;2000;2722920,04;0,4383;0,7666666666666667;0,749228540305011;-0,31092854030501094
49845;Toronto Blue Jays;2000;1793533,28;0,5123;0,4;0,38256187363834426;0,12973812636165571
49846;Anaheim Angels;2001;1584505,57;0,463;0,26666666666666666;0,2492285403050109;0,21377145969498912
49847;Arizona Diamondbacks;2001;3038678,54;0,5679;0,8333333333333334;0,8158952069716776;-0,24799520697167765
49848;Atlanta Braves;2001;2965682,77;0,5432;0,8;0,7825618736383443;-0,23936187363834427
49849;Baltimore Orioles;2001;2331018,62;0,3913;0,5;0,48256187363834424;-0,09126187363834426
49850;Boston Red Sox;2001;3438619,78;0,5093;0,9333333333333333;0,9158952069716776;-0,4065952069716776
49851;Chicago White Sox;2001;2431617,3;0,5123;0,6;0,5825618736383442;-0,07026187363834424
49852;Chicago Cubs;2001;2396882,7;0,5432;0,5666666666666667;0,5492285403050109;-0,0060285403050108766
49853;Cincinnati Reds;2001;1814296,3;0,4074;0,3333333333333333;0,31589520697167756;0,09150479302832243
49854;Cleveland Indians;2001;3105066,7;0,5617;0,8666666666666667;0,8492285403050109;-0,28752854030501096
49855;Colorado Rockies;2001;2751589,77;0,4506;0,7333333333333333;0,7158952069716775;-0,2652952069716775
49856;Detroit Tigers;2001;1907720,25;0,4074;0,4;0,38256187363834426;0,02483812636165572
49857;Florida Marlins;2001;1153629,03;0,4691;0,1;0,08256187363834423;0,3865381263616558
49858;Houston Astros;2001;2164738,11;0,5741;0,4666666666666667;0,4492285403050109;0,12487145969498914
49859;Kansas City Royals;2001;1265089,29;0,4012;0,16666666666666666;0,1492285403050109;0,25197145969498913
49860;Los Angeles Dodgers;2001;3762274,24;0,5309;1,0;0,9825618736383442;-0,4516618736383442
49861;Milwaukee Brewers;2001;1567386,89;0,4198;0,23333333333333334;0,21589520697167758;0,20390479302832243
49862;Minnesota Twins;2001;893703,7;0,5247;0,03333333333333333;0,015895206971677563;0,5088047930283225
49863;Montreal Expos;2001;1134177,42;0,4198;0,06666666666666667;0,04922854030501089;0,3705714596949891
49864;New York Yankees;2001;3622165,9;0,5938;0,9666666666666667;0,9492285403050109;-0,3554285403050109
49865;New York Mets;2001;3212911,31;0,5062;0,9;0,8825618736383443;-0,3763618736383443
49866;Oakland Athletics;2001;1252250,0;0,6296;0,13333333333333333;0,11589520697167756;0,5137047930283225
49867;Philadelphia Phillies;2001;1602455,12;0,5309;0,3;0,28256187363834423;0,2483381263616558
49868;Pittsburgh Pirates;2001;1863252,68;0,3827;0,36666666666666664;0,3492285403050109;0,0334714596949891
49869;San Diego Padres;2001;1399386,89;0,4877;0,2;0,18256187363834425;0,30513812636165577
49870;Seattle Mariners;2001;2668601,21;0,716;0,6666666666666666;0,6492285403050109;0,0667714596949891
49871;San Francisco Giants;2001;2343709,89;0,5556;0,5333333333333333;0,5158952069716776;0,039704793028322416
49872;St. Louis Cardinals;2001;2617944,43;0,5741;0,6333333333333333;0,6158952069716775;-0,04179520697167749
49873;Tampa Bay Devil Rays;2001;2110370,37;0,3827;0,43333333333333335;0,4158952069716776;-0,033195206971677604
49874;Texas Rangers;2001;2859145,16;0,4506;0,7666666666666667;0,749228540305011;-0,29862854030501096
49875;Toronto Blue Jays;2001;2746285,68;0,4938;0,7;0,6825618736383442;-0,18876187363834418
49876;Anaheim Angels;2002;2204345,25;0,6111;0,5333333333333333;0,5158952069716776;0,09520479302832241
49877;Arizona Diamondbacks;2002;3115757,55;0,6049;0,7666666666666667;0,749228540305011;-0,14432854030501097
49878;Atlanta Braves;2002;3316798,82;0,6312;0,8333333333333334;0,8158952069716776;-0,18469520697167763
49879;Baltimore Orioles;2002;1890421,47;0,4136;0,36666666666666664;0,3492285403050109;0,06437145969498914
49880;Boston Red Sox;2002;3612202,0;0,5741;0,8666666666666667;0,8492285403050109;-0,2751285403050109
49881;Chicago White Sox;2002;2113067,89;0,5;0,5;0,48256187363834424;0,01743812636165576
49882;Chicago Cubs;2002;2703244,04;0,4136;0,6666666666666666;0,6492285403050109;-0,23562854030501085
49883;Cincinnati Reds;2002;1501679,67;0,4815;0,26666666666666666;0,2492285403050109;0,23227145969498908
49884;Cleveland Indians;2002;2630314,97;0,4568;0,6;0,5825618736383442;-0,12576187363834423
49885;Colorado Rockies;2002;2105594,19;0,4506;0,4666666666666667;0,4492285403050109;0,0013714596949890856
49886;Detroit Tigers;2002;1966000,0;0,3416;0,4;0,38256187363834426;-0,04096187363834425
49887;Florida Marlins;2002;1499282,75;0,4877;0,23333333333333334;0,21589520697167758;0,27180479302832244
49888;Houston Astros;2002;2349941,37;0,5185;0,5666666666666667;0,5492285403050109;-0,030728540305010932
49889;Kansas City Royals;2002;1629551,72;0,3827;0,3;0,28256187363834423;0,10013812636165575
49890;Los Angeles Dodgers;2002;3648113,58;0,5679;0,9333333333333333;0,9158952069716776;-0,34799520697167763
49891;Milwaukee Brewers;2002;1734063,21;0,3457;0,3333333333333333;0,31589520697167756;0,02980479302832245
49892;Minnesota Twins;2002;1497222,22;0,5839;0,2;0,18256187363834425;0,4013381263616557
49893;Montreal Expos;2002;1381089,29;0,5123;0,06666666666666667;0,04922854030501089;0,4630714596949891
49894;New York Yankees;2002;4342364,93;0,6398;1,0;0,9825618736383442;-0,3427618736383442
49895;New York Mets;2002;3639753,58;0,4658;0,9;0,8825618736383443;-0,41676187363834427
49896;Oakland Athletics;2002;1481635,81;0,6358;0,16666666666666666;0,1492285403050109;0,48657145969498916
49897;Philadelphia Phillies;2002;2069821,39;0,4969;0,43333333333333335;0,4158952069716776;0,08100479302832242
49898;Pittsburgh Pirates;2002;1459434,45;0,4472;0,13333333333333333;0,11589520697167756;0,33130479302832244
49899;San Diego Padres;2002;1428448,28;0,4074;0,1;0,08256187363834423;0,32483812636165577
49900;Seattle Mariners;2002;3211306,72;0,5741;0,8;0,7825618736383443;-0,20846187363834423
49901;San Francisco Giants;2002;2899993,89;0,5901;0,7333333333333333;0,7158952069716775;-0,12579520697167756
49902;St. Louis Cardinals;2002;2871572,12;0,5988;0,7;0,6825618736383442;-0,0837618736383442
49903;Tampa Bay Devil Rays;2002;1227857,14;0,3416;0,03333333333333333;0,015895206971677563;0,32570479302832245
49904;Texas Rangers;2002;3768790,07;0,4444;0,9666666666666667;0,9492285403050109;-0,5048285403050109
49905;Toronto Blue Jays;2002;2650494,24;0,4815;0,6333333333333333;0,6158952069716775;-0,13439520697167756
49906;Anaheim Angels;2003;2927098,78;0,4753;0,7;0,6825618736383442;-0,2072618736383442
49907;Arizona Diamondbacks;2003;3226280,0;0,5185;0,8;0,7825618736383443;-0,2640618736383443
49908;Atlanta Braves;2003;3934950,63;0,6235;0,9;0,8825618736383443;-0,2590618736383442
49909;Baltimore Orioles;2003;2547500,0;0,4383;0,5666666666666667;0,5492285403050109;-0,11092854030501087
49910;Boston Red Sox;2003;3701722,22;0,5864;0,8666666666666667;0,8492285403050109;-0,2628285403050109
49911;Chicago White Sox;2003;1961923,08;0,5309;0,36666666666666664;0,3492285403050109;0,18167145969498916
49912;Chicago Cubs;2003;2852440,46;0,5432;0,6666666666666666;0,6492285403050109;-0,10602854030501085
49913;Cincinnati Reds;2003;2119845,25;0,4259;0,43333333333333335;0,4158952069716776;0,010004793028322412
49914;Cleveland Indians;2003;1567252,71;0,4198;0,16666666666666666;0,1492285403050109;0,2705714596949891
49915;Colorado Rockies;2003;2239322,23;0,4568;0,5;0,48256187363834424;-0,025761873638344257
49916;Detroit Tigers;2003;1891076,92;0,2654;0,23333333333333334;0,21589520697167758;0,04950479302832245
49917;Florida Marlins;2003;1648333,33;0,5617;0,2;0,18256187363834425;0,3791381263616557
49918;Houston Astros;2003;2732307,69;0,537;0,6333333333333333;0,6158952069716775;-0,07889520697167751
49919;Kansas City Royals;2003;1558384,62;0,5123;0,13333333333333333;0,11589520697167756;0,39640479302832243
49920;Los Angeles Dodgers;2003;4222904,8;0,5247;0,9666666666666667;0,9492285403050109;-0,42452854030501086
49921;Milwaukee Brewers;2003;1400931,03;0,4198;0,06666666666666667;0,04922854030501089;0,3705714596949891
49922;Minnesota Twins;2003;2134807,69;0,5556;0,4666666666666667;0,4492285403050109;0,10637145969498907
49923;Montreal Expos;2003;1998019,23;0,5123;0,4;0,38256187363834426;0,12973812636165571
49924;New York Yankees;2003;5455350,5;0,6235;1,0;0,9825618736383442;-0,3590618736383442
49925;New York Mets;2003;4174158,18;0,4099;0,9333333333333333;0,9158952069716776;-0,5059952069716775
49926;Oakland Athletics;2003;1933109,0;0,5926;0,3;0,28256187363834423;0,3100381263616558
49927;Philadelphia Phillies;2003;2440689,66;0,5309;0,5333333333333333;0,5158952069716776;0,015004793028322472
49928;Pittsburgh Pirates;2003;1957586,75;0,463;0,3333333333333333;0,31589520697167756;0,14710479302832247
49929;San Diego Padres;2003;1507000,0;0,3951;0,1;0,08256187363834423;0,3125381263616558
49930;Seattle Mariners;2003;3220709,89;0,5741;0,7666666666666667;0,749228540305011;-0,1751285403050109
49931;San Francisco Giants;2003;3186621,81;0,6211;0,7333333333333333;0,7158952069716775;-0,09479520697167754
49932;St. Louis Cardinals;2003;2702795,68;0,5247;0,6;0,5825618736383442;-0,05786187363834416
49933;Tampa Bay Devil Rays;2003;785200,0;0,3889;0,03333333333333333;0,015895206971677563;0,37300479302832246
49934;Texas Rangers;2003;3449722,23;0,4383;0,8333333333333334;0,8158952069716776;-0,3775952069716776
49935;Toronto Blue Jays;2003;1898851,85;0,5309;0,26666666666666666;0,2492285403050109;0,28167145969498913
49936;Anaheim Angels;2004;3723506,19;0,5679;0,9333333333333333;0,9158952069716776;-0,34799520697167763
49937;Arizona Diamondbacks;2004;2406232,76;0,3148;0,5666666666666667;0,5492285403050109;-0,23442854030501087
49938;Atlanta Braves;2004;3220803,57;0,5926;0,8;0,7825618736383443;-0,18996187363834427
49939;Baltimore Orioles;2004;1843690,46;0,4815;0,3333333333333333;0,31589520697167756;0,16560479302832243
49940;Boston Red Sox;2004;4243283,33;0,6049;0,9666666666666667;0,9492285403050109;-0,3443285403050109
49941;Chicago White Sox;2004;2508173,08;0,5123;0,6;0,5825618736383442;-0,07026187363834424
49942;Chicago Cubs;2004;3122758,62;0,5494;0,7333333333333333;0,7158952069716775;-0,16649520697167752
49943;Cincinnati Reds;2004;1664830,36;0,4691;0,26666666666666666;0,2492285403050109;0,2198714596949891
49944;Cleveland Indians;2004;1143976,67;0,4938;0,1;0,08256187363834423;0,4112381263616558
49945;Colorado Rockies;2004;2337327,39;0,4198;0,5333333333333333;0,5158952069716776;-0,09609520697167756
49946;Detroit Tigers;2004;1672571,43;0,4444;0,3;0,28256187363834423;0,1618381263616558
49947;Florida Marlins;2004;1560853,41;0,5123;0,2;0,18256187363834425;0,3297381263616557
49948;Houston Astros;2004;3015880,0;0,5679;0,7;0,6825618736383442;-0,11466187363834424
49949;Kansas City Royals;2004;1586966,67;0,358;0,23333333333333334;0,21589520697167758;0,1421047930283224
49950;Los Angeles Dodgers;2004;3440814,85;0,5741;0,8333333333333334;0,8158952069716776;-0,24179520697167756
49951;Milwaukee Brewers;2004;1101140,0;0,4161;0,06666666666666667;0,04922854030501089;0,36687145969498913
49952;Minnesota Twins;2004;2060961,54;0,5679;0,43333333333333335;0,4158952069716776;0,15200479302832237
49953;Montreal Expos;2004;1410258,62;0,4136;0,16666666666666666;0,1492285403050109;0,2643714596949891
49954;New York Yankees;2004;6351515,52;0,6235;1,0;0,9825618736383442;-0,3590618736383442
49955;New York Mets;2004;3452177,5;0,4383;0,8666666666666667;0,8492285403050109;-0,4109285403050109
49956;Oakland Athletics;2004;2122345,25;0,5617;0,4666666666666667;0,4492285403050109;0,11247145969498906
49957;Philadelphia Phillies;2004;3573814,12;0,5309;0,9;0,8825618736383443;-0,3516618736383442
49958;Pittsburgh Pirates;2004;1193627,0;0,4472;0,13333333333333333;0,11589520697167756;0,33130479302832244
49959;San Diego Padres;2004;2130185,88;0,537;0,5;0,48256187363834424;0,05443812636165579
49960;Seattle Mariners;2004;2911279,79;0,3889;0,6666666666666666;0,6492285403050109;-0,26032854030501085
49961;San Francisco Giants;2004;2645779,55;0,5617;0,6333333333333333;0,6158952069716775;-0,05419520697167757
49962;St. Louis Cardinals;2004;3201089,73;0,6481;0,7666666666666667;0,749228540305011;-0,10112854030501095
49963;Tampa Bay Devil Rays;2004;1094691,37;0,4348;0,03333333333333333;0,015895206971677563;0,41890479302832245
49964;Texas Rangers;2004;1898290,24;0,5494;0,36666666666666664;0,3492285403050109;0,20017145969498912
49965;Toronto Blue Jays;2004;1923730,77;0,4161;0,4;0,38256187363834426;0,03353812636165576
49966;Arizona Diamondbacks;2005;2308487,63;0,4753;0,5;0,48256187363834424;-0,007261873638344241
49967;Atlanta Braves;2005;3458292,08;0,5556;0,8;0,7825618736383443;-0,2269618736383443
49968;Baltimore Orioles;2005;2639797,61;0,4568;0,5666666666666667;0,5492285403050109;-0,09242854030501091
49969;Boston Red Sox;2005;4410897,32;0,5864;0,9666666666666667;0,9492285403050109;-0,3628285403050109
49970;Chicago White Sox;2005;2784370,37;0,6111;0,6666666666666666;0,6492285403050109;-0,038128540305010894
49971;Chicago Cubs;2005;3108319,04;0,4877;0,7333333333333333;0,7158952069716775;-0,2281952069716775
49972;Cincinnati Reds;2005;2063086,1;0,4506;0,3333333333333333;0,31589520697167756;0,13470479302832244
49973;Cleveland Indians;2005;1431120,69;0,5741;0,13333333333333333;0,11589520697167756;0,4582047930283225
49974;Colorado Rockies;2005;1649620,69;0,4136;0,23333333333333334;0,21589520697167758;0,19770479302832245
49975;Detroit Tigers;2005;2467571,43;0,4383;0,5333333333333333;0,5158952069716776;-0,07759520697167754
49976;Florida Marlins;2005;2237364,22;0,5123;0,43333333333333335;0,4158952069716776;0,09640479302832239
49977;Houston Astros;2005;2953038,46;0,5494;0,7;0,6825618736383442;-0,1331618736383442
49978;Kansas City Royals;2005;1365962,96;0,3457;0,1;0,08256187363834423;0,2631381263616558
49979;Los Angeles Angels of Anaheim;2005;3271304,21;0,5864;0,7666666666666667;0,749228540305011;-0,16282854030501093
49980;Los Angeles Dodgers;2005;2767966,67;0,4383;0,6333333333333333;0,6158952069716775;-0,17759520697167752
49981;Milwaukee Brewers;2005;1597393,32;0,5;0,16666666666666666;0,1492285403050109;0,35077145969498913
49982;Minnesota Twins;2005;2080962,96;0,5123;0,36666666666666664;0,3492285403050109;0,1630714596949891
49983;New York Yankees;2005;8011800,65;0,5864;1,0;0,9825618736383442;-0,3961618736383442
49984;New York Mets;2005;3752067,44;0,5123;0,9333333333333333;0,9158952069716776;-0,4035952069716776
49985;Oakland Athletics;2005;2131760,08;0,5432;0,4;0,38256187363834426;0,16063812636165575
49986;Philadelphia Phillies;2005;3673923,08;0,5432;0,9;0,8825618736383443;-0,33936187363834425
49987;Pittsburgh Pirates;2005;1361892,86;0,4136;0,06666666666666667;0,04922854030501089;0,36437145969498913
49988;San Diego Padres;2005;2260386,89;0,5062;0,4666666666666667;0,4492285403050109;0,05697145969498907
49989;Seattle Mariners;2005;2742322,94;0,4259;0,6;0,5825618736383442;-0,15666187363834422
49990;San Francisco Giants;2005;3469211,54;0,463;0,8333333333333334;0,8158952069716776;-0,3528952069716776
49991;St. Louis Cardinals;2005;3542570,5;0,6173;0,8666666666666667;0,8492285403050109;-0,23192854030501098
49992;Tampa Bay Devil Rays;2005;1023416,1;0,4136;0,03333333333333333;0,015895206971677563;0,39770479302832246
49993;Texas Rangers;2005;1801580,65;0,4877;0,3;0,28256187363834423;0,2051381263616558
49994;Toronto Blue Jays;2005;1758442,31;0,4938;0,26666666666666666;0,2492285403050109;0,2445714596949891
49995;Washington Nationals;2005;1619383,33;0,5;0,2;0,18256187363834425;0,31743812636165575
49996;Arizona Diamondbacks;2006;2295547,15;0,4691;0,36666666666666664;0,3492285403050109;0,11987145969498914
49997;Atlanta Braves;2006;3108857,79;0,4877;0,6;0,5825618736383442;-0,0948618736383442
49998;Baltimore Orioles;2006;2592342,21;0,4321;0,5;0,48256187363834424;-0,05046187363834426
49999;Boston Red Sox;2006;4448141,63;0,5309;0,9666666666666667;0,9492285403050109;-0,4183285403050109
50000;Chicago White Sox;2006;3951948,73;0,5556;0,9;0,8825618736383443;-0,3269618736383443
50001;Chicago Cubs;2006;3372303,54;0,4074;0,7333333333333333;0,7158952069716775;-0,30849520697167754
50002;Cincinnati Reds;2006;2175339,96;0,4938;0,23333333333333334;0,21589520697167758;0,27790479302832244
50003;Cleveland Indians;2006;2241260,0;0,4815;0,3333333333333333;0,31589520697167756;0,16560479302832243
50004;Colorado Rockies;2006;1288531,25;0,4691;0,06666666666666667;0,04922854030501089;0,4198714596949891
50005;Detroit Tigers;2006;2950459,5;0,5864;0,5666666666666667;0,5492285403050109;0,03717145969498914
50006;Florida Marlins;2006;586860,0;0,4815;0,03333333333333333;0,015895206971677563;0,4656047930283224
50007;Houston Astros;2006;3547777,4;0,5062;0,8333333333333334;0,8158952069716776;-0,30969520697167763
50008;Kansas City Royals;2006;1630827,59;0,3827;0,13333333333333333;0,11589520697167756;0,26680479302832244
50009;Los Angeles Angels of Anaheim;2006;4138880,0;0,5494;0,9333333333333333;0,9158952069716776;-0,3664952069716776
50010;Los Angeles Dodgers;2006;3515970,96;0,5432;0,8;0,7825618736383443;-0,23936187363834427
50011;Milwaukee Brewers;2006;2214166,65;0,463;0,3;0,28256187363834423;0,1804381263616558
50012;Minnesota Twins;2006;2438307,92;0,5926;0,4;0,38256187363834426;0,21003812636165575
50013;New York Yankees;2006;6952252,82;0,5988;1,0;0,9825618736383442;-0,38376187363834424
50014;New York Mets;2006;3743887,52;0,5988;0,8666666666666667;0,8492285403050109;-0,25042854030501094
50015;Oakland Athletics;2006;2489723,16;0,5741;0,43333333333333335;0,4158952069716776;0,15820479302832247
50016;Philadelphia Phillies;2006;3269382,7;0,5247;0,6666666666666666;0,6492285403050109;-0,12452854030501082
50017;Pittsburgh Pirates;2006;1668491,07;0,4136;0,16666666666666666;0,1492285403050109;0,2643714596949891
50018;San Diego Padres;2006;2496290,75;0,5432;0,4666666666666667;0,4492285403050109;0,0939714596949891
50019;Seattle Mariners;2006;3257771,59;0,4815;0,6333333333333333;0,6158952069716775;-0,13439520697167756
50020;San Francisco Giants;2006;3463708,42;0,472;0,7666666666666667;0,749228540305011;-0,277228540305011
50021;St. Louis Cardinals;2006;3292273,0;0,5155;0,7;0,6825618736383442;-0,16706187363834424
50022;Tampa Bay Devil Rays;2006;1293258,04;0,3765;0,1;0,08256187363834423;0,2939381263616558
50023;Texas Rangers;2006;2200924,58;0,4938;0,26666666666666666;0,2492285403050109;0,2445714596949891
50024;Toronto Blue Jays;2006;2744807,69;0,537;0,5333333333333333;0,5158952069716776;0,021104793028322466
50025;Washington Nationals;2006;2036870,97;0,4383;0,2;0,18256187363834425;0,25573812636165577
50026;Arizona Diamondbacks;2007;1859555,21;0,5556;0,16666666666666666;0,1492285403050109;0,4063714596949891
50027;Atlanta Braves;2007;3117529,75;0,5185;0,5666666666666667;0,5492285403050109;-0,030728540305010932
50028;Baltimore Orioles;2007;3450918,81;0,4259;0,7;0,6825618736383442;-0,2566618736383442
50029;Boston Red Sox;2007;5108079,07;0,5926;0,9666666666666667;0,9492285403050109;-0,3566285403050109
50030;Chicago White Sox;2007;4179685,88;0,4444;0,9333333333333333;0,9158952069716776;-0,47149520697167757
50031;Chicago Cubs;2007;3691493,78;0,5247;0,8;0,7825618736383443;-0,25786187363834423
50032;Cincinnati Reds;2007;2210483,23;0,4444;0,3;0,28256187363834423;0,1618381263616558
50033;Cleveland Indians;2007;2126664,38;0,5926;0,23333333333333334;0,21589520697167758;0,37670479302832244
50034;Colorado Rockies;2007;2078500,0;0,5521;0,2;0,18256187363834425;0,3695381263616558
50035;Detroit Tigers;2007;3268978,24;0,5432;0,6666666666666666;0,6492285403050109;-0,10602854030501085
50036;Florida Marlins;2007;984096,77;0,4383;0,06666666666666667;0,04922854030501089;0,38907145969498913
50037;Houston Astros;2007;3250333,33;0,4506;0,6333333333333333;0,6158952069716775;-0,16529520697167754
50038;Kansas City Royals;2007;2165048,39;0,4259;0,26666666666666666;0,2492285403050109;0,1766714596949891
50039;Los Angeles Angels of Anaheim;2007;3641711,1;0,5802;0,7666666666666667;0,749228540305011;-0,1690285403050109
50040;Los Angeles Dodgers;2007;3739811,17;0,5062;0,8333333333333334;0,8158952069716776;-0,30969520697167763
50041;Milwaukee Brewers;2007;2629129,63;0,5123;0,43333333333333335;0,4158952069716776;0,09640479302832239
50042;Minnesota Twins;2007;2551410,71;0,4877;0,4;0,38256187363834426;0,10513812636165576
50043;New York Yankees;2007;6759251,61;0,5802;1,0;0,9825618736383442;-0,4023618736383442
50044;New York Mets;2007;3841055,43;0,5432;0,8666666666666667;0,8492285403050109;-0,3060285403050109
50045;Oakland Athletics;2007;2834533,57;0,4691;0,4666666666666667;0,4492285403050109;0,019871459694989102
50046;Philadelphia Phillies;2007;2980940,43;0,5494;0,5;0,48256187363834424;0,06683812636165576
50047;Pittsburgh Pirates;2007;1427327,15;0,4198;0,13333333333333333;0,11589520697167756;0,30390479302832246
50048;San Diego Padres;2007;2235021,81;0,546;0,3333333333333333;0,31589520697167756;0,23010479302832249
50049;Seattle Mariners;2007;3942993,81;0,5432;0,9;0,8825618736383443;-0,33936187363834425
50050;San Francisco Giants;2007;3469963,69;0,4383;0,7333333333333333;0,7158952069716775;-0,2775952069716775
50051;St. Louis Cardinals;2007;3224529,39;0,4815;0,6;0,5825618736383442;-0,10106187363834424
50052;Tampa Bay Devil Rays;2007;893462,96;0,4074;0,03333333333333333;0,015895206971677563;0,3915047930283224
50053;Texas Rangers;2007;2439952,68;0,463;0,36666666666666664;0,3492285403050109;0,11377145969498914
50054;Toronto Blue Jays;2007;3034918,52;0,5123;0,5333333333333333;0,5158952069716776;-0,003595206971677589
50055;Washington Nationals;2007;1319553,57;0,4506;0,1;0,08256187363834423;0,3680381263616558
50056;Arizona Diamondbacks;2008;2364382,57;0,5062;0,3333333333333333;0,31589520697167756;0,19030479302832243
50057;Atlanta Braves;2008;3412189,43;0,4444;0,6333333333333333;0,6158952069716775;-0,17149520697167753
50058;Baltimore Orioles;2008;2099882,69;0,4224;0,2;0,18256187363834425;0,23983812636165575
50059;Boston Red Sox;2008;4763929,82;0,5864;0,9666666666666667;0,9492285403050109;-0,3628285403050109
50060;Chicago White Sox;2008;4488493,78;0,546;0,8333333333333334;0,8158952069716776;-0,26989520697167757
50061;Chicago Cubs;2008;4383179,0;0,6025;0,8;0,7825618736383443;-0,18006187363834425
50062;Cincinnati Reds;2008;2647060,54;0,4568;0,4666666666666667;0,4492285403050109;0,007571459694989069
50063;Cleveland Indians;2008;3037310,23;0,5;0,5666666666666667;0,5492285403050109;-0,04922854030501089
50064;Colorado Rockies;2008;2640596,15;0,4568;0,4;0,38256187363834426;0,07423812636165572
50065;Detroit Tigers;2008;4589506,53;0,4568;0,9;0,8825618736383443;-0,4257618736383443
50066;Florida Marlins;2008;660954,55;0,5217;0,03333333333333333;0,015895206971677563;0,5058047930283225
50067;Houston Astros;2008;3293719,04;0,5342;0,6;0,5825618736383442;-0,04836187363834421
50068;Kansas City Royals;2008;2240211,54;0,463;0,23333333333333334;0,21589520697167758;0,24710479302832244
50069;Los Angeles Angels of Anaheim;2008;4110908,03;0,6173;0,7666666666666667;0,749228540305011;-0,131928540305011
50070;Los Angeles Dodgers;2008;4089259,86;0,5185;0,7333333333333333;0,7158952069716775;-0,19739520697167756
50071;Milwaukee Brewers;2008;2790948,24;0,5556;0,5;0,48256187363834424;0,07303812636165574
50072;Minnesota Twins;2008;2277310,64;0,5399;0,26666666666666666;0,2492285403050109;0,29067145969498914
50073;New York Yankees;2008;6929892,97;0,5494;1,0;0,9825618736383442;-0,43316187363834424
50074;New York Mets;2008;4593112,53;0,5494;0,9333333333333333;0,9158952069716776;-0,3664952069716776
50075;Oakland Athletics;2008;1713111,64;0,4658;0,1;0,08256187363834423;0,3832381263616558
50076;Philadelphia Phillies;2008;3495710,0;0,5679;0,6666666666666666;0,6492285403050109;-0,08132854030501091
50077;Pittsburgh Pirates;2008;1872683,96;0,4136;0,13333333333333333;0,11589520697167756;0,2977047930283225
50078;San Diego Padres;2008;2376697,29;0,3889;0,36666666666666664;0,3492285403050109;0,03967145969498914
50079;Seattle Mariners;2008;4525633,92;0,3765;0,8666666666666667;0,8492285403050109;-0,47272854030501094
50080;San Francisco Giants;2008;2641189,66;0,4444;0,43333333333333335;0,4158952069716776;0,028504793028322428
50081;St. Louis Cardinals;2008;3018922,7;0,5309;0,5333333333333333;0,5158952069716776;0,015004793028322472
50082;Tampa Bay Rays;2008;1460686,57;0,5988;0,06666666666666667;0,04922854030501089;0,5495714596949891
50083;Texas Rangers;2008;2334907,79;0,4877;0,3;0,28256187363834423;0,2051381263616558
50084;Toronto Blue Jays;2008;3621996,3;0,5309;0,7;0,6825618736383442;-0,15166187363834416
50085;Washington Nationals;2008;1895206,9;0,3665;0,16666666666666666;0,1492285403050109;0,2172714596949891
50086;Arizona Diamondbacks;2009;2812141,0;0,4321;0,4;0,38256187363834426;0,04953812636165572
50087;Atlanta Braves;2009;3335385,03;0,5309;0,6333333333333333;0,6158952069716775;-0,0849952069716775
50088;Baltimore Orioles;2009;2580833,31;0,3951;0,3;0,28256187363834423;0,11253812636165578
50089;Boston Red Sox;2009;4184344,79;0,5864;0,8666666666666667;0,8492285403050109;-0,2628285403050109
50090;Chicago White Sox;2009;3694942,31;0,4877;0,7;0,6825618736383442;-0,19486187363834417
50091;Chicago Cubs;2009;5392360,0;0,5155;0,9666666666666667;0,9492285403050109;-0,43372854030501096
50092;Cincinnati Reds;2009;3198195,65;0,4815;0,5666666666666667;0,5492285403050109;-0,06772854030501091
50093;Cleveland Indians;2009;3021450,59;0,4012;0,5;0,48256187363834424;-0,08136187363834424
50094;Colorado Rockies;2009;2785222,22;0,5679;0,36666666666666664;0,3492285403050109;0,21867145969498908
50095;Detroit Tigers;2009;4110183,75;0,5276;0,8333333333333334;0,8158952069716776;-0,28829520697167765
50096;Florida Marlins;2009;1315500,0;0,537;0,03333333333333333;0,015895206971677563;0,5211047930283225
50097;Houston Astros;2009;3814682,0;0,4568;0,7333333333333333;0,7158952069716775;-0,25909520697167754
50098;Kansas City Royals;2009;2712282,04;0,4012;0,3333333333333333;0,31589520697167756;0,08530479302832245
50099;Los Angeles Angels of Anaheim;2009;4061035,71;0,5988;0,8;0,7825618736383443;-0,1837618736383443
50100;Los Angeles Dodgers;2009;4016583,68;0,5864;0,7666666666666667;0,749228540305011;-0,16282854030501093
50101;Milwaukee Brewers;2009;3083942,38;0,4938;0,5333333333333333;0,5158952069716776;-0,02209520697167755
50102;Minnesota Twins;2009;2251698,83;0,5337;0,2;0,18256187363834425;0,3511381263616557
50103;New York Yankees;2009;7748045,73;0,6358;1,0;0,9825618736383442;-0,3467618736383442
50104;New York Mets;2009;5334785,25;0,4321;0,9333333333333333;0,9158952069716776;-0,4837952069716776
50105;Oakland Athletics;2009;2292962,96;0,463;0,23333333333333334;0,21589520697167758;0,24710479302832244
50106;Philadelphia Phillies;2009;4185335,04;0,5741;0,9;0,8825618736383443;-0,3084618736383442
50107;Pittsburgh Pirates;2009;1872807,69;0,3851;0,1;0,08256187363834423;0,3025381263616558
50108;San Diego Padres;2009;1604951,85;0,463;0,06666666666666667;0,04922854030501089;0,41377145969498913
50109;Seattle Mariners;2009;3532291,64;0,5247;0,6666666666666666;0,6492285403050109;-0,12452854030501082
50110;San Francisco Giants;2009;2965230,36;0,5432;0,4666666666666667;0,4492285403050109;0,0939714596949891
50111;St. Louis Cardinals;2009;3278829,96;0,5617;0,6;0,5825618736383442;-0,02086187363834424
50112;Tampa Bay Rays;2009;2183208,07;0,5185;0,16666666666666666;0,1492285403050109;0,3692714596949891
50113;Texas Rangers;2009;2350993,03;0,537;0,26666666666666666;0,2492285403050109;0,28777145969498913
50114;Toronto Blue Jays;2009;2876367,86;0,463;0,43333333333333335;0,4158952069716776;0,047104793028322434
50115;Washington Nationals;2009;2140285,71;0,3642;0,13333333333333333;0,11589520697167756;0,24830479302832248
50116;Arizona Diamondbacks;2010;2335314,08;0,4012;0,3;0,28256187363834423;0,11863812636165577
50117;Atlanta Braves;2010;3126802,44;0,5617;0,5333333333333333;0,5158952069716776;0,04580479302832241
50118;Baltimore Orioles;2010;3138942,31;0,4074;0,5666666666666667;0,5492285403050109;-0,1418285403050109
50119;Boston Red Sox;2010;5601632,17;0,5494;0,9666666666666667;0,9492285403050109;-0,3998285403050109
50120;Chicago White Sox;2010;4058846,15;0,5432;0,8;0,7825618736383443;-0,23936187363834427
50121;Chicago Cubs;2010;5429962,96;0,463;0,9333333333333333;0,9158952069716776;-0,45289520697167757
50122;Cincinnati Reds;2010;2760059,31;0,5617;0,4;0,38256187363834426;0,17913812636165571
50123;Cleveland Indians;2010;2110481,59;0,4259;0,23333333333333334;0,21589520697167758;0,21000479302832242
50124;Colorado Rockies;2010;2904379,31;0,5123;0,4666666666666667;0,4492285403050109;0,06307145969498906
50125;Detroit Tigers;2010;4550552,89;0,5;0,8333333333333334;0,8158952069716776;-0,3158952069716776
50126;Florida Marlins;2010;2112211,81;0,4938;0,26666666666666666;0,2492285403050109;0,2445714596949891
50127;Houston Astros;2010;3298410,71;0,4691;0,6;0,5825618736383442;-0,1134618736383442
50128;Kansas City Royals;2010;2644637,41;0,4136;0,3333333333333333;0,31589520697167756;0,09770479302832247
50129;Los Angeles Angels of Anaheim;2010;3619443,66;0,4938;0,7333333333333333;0,7158952069716775;-0,2220952069716775
50130;Los Angeles Dodgers;2010;3531778,37;0,4938;0,7;0,6825618736383442;-0,18876187363834418
50131;Milwaukee Brewers;2010;2796837,17;0,4753;0,43333333333333335;0,4158952069716776;0,05940479302832241
50132;Minnesota Twins;2010;3484255,93;0,5802;0,6333333333333333;0,6158952069716775;-0,035695206971677496
50133;New York Yankees;2010;8253335,56;0,5864;1,0;0,9825618736383442;-0,3961618736383442
50134;New York Mets;2010;4800819,36;0,4877;0,8666666666666667;0,8492285403050109;-0,3615285403050109
50135;Oakland Athletics;2010;1726715,63;0,5;0,1;0,08256187363834423;0,4174381263616558
50136;Philadelphia Phillies;2010;5068870,68;0,5988;0,9;0,8825618736383443;-0,28376187363834426
50137;Pittsburgh Pirates;2010;1294185,19;0,3519;0,03333333333333333;0,015895206971677563;0,3360047930283224
50138;San Diego Padres;2010;1453819,23;0,5556;0,06666666666666667;0,04922854030501089;0,5063714596949891
50139;Seattle Mariners;2010;3089642,86;0,3765;0,5;0,48256187363834424;-0,10606187363834424
50140;San Francisco Giants;2010;3522904,75;0,5679;0,6666666666666666;0,6492285403050109;-0,08132854030501091
50141;St. Louis Cardinals;2010;3741630,04;0,5309;0,7666666666666667;0,749228540305011;-0,21832854030501092
50142;Tampa Bay Rays;2010;2663832,26;0,5926;0,36666666666666664;0,3492285403050109;0,24337145969498913
50143;Texas Rangers;2010;1905191,17;0,5556;0,13333333333333333;0,11589520697167756;0,43970479302832244
50144;Toronto Blue Jays;2010;2074466,67;0,5247;0,2;0,18256187363834425;0,3421381263616558
50145;Washington Nationals;2010;2046666,67;0,4259;0,16666666666666666;0,1492285403050109;0,2766714596949891
50146;Arizona Diamondbacks;2011;1986660,48;0,5802;0,2;0,18256187363834425;0,3976381263616558
50147;Atlanta Braves;2011;3346257,38;0,5494;0,5666666666666667;0,5492285403050109;0,00017145969498910674
50148;Baltimore Orioles;2011;3280924,54;0,4259;0,5333333333333333;0,5158952069716776;-0,08999520697167757
50149;Boston Red Sox;2011;5991202,78;0,5556;0,9666666666666667;0,9492285403050109;-0,39362854030501093
50150;Chicago White Sox;2011;4732925,93;0,4877;0,8666666666666667;0,8492285403050109;-0,3615285403050109
50151;Chicago Cubs;2011;5001893,16;0,4383;0,9;0,8825618736383443;-0,44426187363834424
50152;Cincinnati Reds;2011;2531571,13;0,4877;0,4;0,38256187363834426;0,10513812636165576
50153;Cleveland Indians;2011;1681950,55;0,4938;0,16666666666666666;0,1492285403050109;0,34457145969498915
50154;Colorado Rockies;2011;3390310,42;0,4506;0,6;0,5825618736383442;-0,13196187363834422
50155;Detroit Tigers;2011;3914823,37;0,5864;0,7;0,6825618736383442;-0,09616187363834416
50156;Florida Marlins;2011;2190153,85;0,4444;0,26666666666666666;0,2492285403050109;0,1951714596949891
50157;Houston Astros;2011;2437724,14;0,3457;0,36666666666666664;0,3492285403050109;-0,0035285403050108743
50158;Kansas City Royals;2011;1373538,46;0,4383;0,03333333333333333;0,015895206971677563;0,42240479302832246
50159;Los Angeles Angels of Anaheim;2011;4469134,39;0,5309;0,8;0,7825618736383443;-0,25166187363834425
50160;Los Angeles Dodgers;2011;3472966,63;0,5093;0,6333333333333333;0,6158952069716775;-0,10659520697167757
50161;Milwaukee Brewers;2011;2849911,1;0,5926;0,43333333333333335;0,4158952069716776;0,17670479302832243
50162;Minnesota Twins;2011;4509480,0;0,3889;0,8333333333333334;0,8158952069716776;-0,4269952069716776
50163;New York Yankees;2011;6975000,97;0,5988;1,0;0,9825618736383442;-0,38376187363834424
50164;New York Mets;2011;4401752,19;0,4753;0,7666666666666667;0,749228540305011;-0,27392854030501096
50165;Oakland Athletics;2011;2376303,57;0,4568;0,3333333333333333;0,31589520697167756;0,14090479302832243
50166;Philadelphia Phillies;2011;5765879,3;0,6296;0,9333333333333333;0,9158952069716776;-0,28629520697167754
50167;Pittsburgh Pirates;2011;1553344,83;0,4444;0,1;0,08256187363834423;0,3618381263616558
50168;San Diego Padres;2011;1479649,68;0,4383;0,06666666666666667;0,04922854030501089;0,38907145969498913
50169;Seattle Mariners;2011;2969331,03;0,4136;0,4666666666666667;0,4492285403050109;-0,03562854030501089
50170;San Francisco Giants;2011;4377716,04;0,5309;0,7333333333333333;0,7158952069716775;-0,18499520697167748
50171;St. Louis Cardinals;2011;3904947,11;0,5556;0,6666666666666666;0,6492285403050109;-0,09362854030501089
50172;Tampa Bay Rays;2011;1578983,5;0,5617;0,13333333333333333;0,11589520697167756;0,44580479302832243
50173;Texas Rangers;2011;3182733,24;0,5926;0,5;0,48256187363834424;0,11003812636165577
50174;Toronto Blue Jays;2011;2018316,13;0,5;0,23333333333333334;0,21589520697167758;0,2841047930283224
50175;Washington Nationals;2011;2201963,03;0,4969;0,3;0,28256187363834423;0,21433812636165578
50176;Arizona Diamondbacks;2012;2733512,33;0,5;0,3333333333333333;0,31589520697167756;0,18410479302832244
50177;Atlanta Braves;2012;2856204,9;0,5802;0,43333333333333335;0,4158952069716776;0,16430479302832246
50178;Baltimore Orioles;2012;2762642,82;0,5741;0,36666666666666664;0,3492285403050109;0,22487145969498917
50179;Boston Red Sox;2012;5093724,03;0,4259;0,9;0,8825618736383443;-0,45666187363834426
50180;Chicago White Sox;2012;3876780,0;0,5247;0,7;0,6825618736383442;-0,15786187363834414
50181;Chicago Cubs;2012;3392193,58;0,3765;0,5666666666666667;0,5492285403050109;-0,1727285403050109
50182;Cincinnati Reds;2012;2935843,43;0,5988;0,5;0,48256187363834424;0,11623812636165576
50183;Cleveland Indians;2012;2704493,1;0,4198;0,3;0,28256187363834423;0,13723812636165578
50184;Colorado Rockies;2012;2692054,17;0,3951;0,23333333333333334;0,21589520697167758;0,17920479302832243
50185;Detroit Tigers;2012;4562068,97;0,5432;0,8333333333333334;0,8158952069716776;-0,2726952069716776
50186;Houston Astros;2012;2332730,77;0,3395;0,2;0,18256187363834425;0,15693812636165577
50187;Kansas City Royals;2012;2030540,83;0,4444;0,1;0,08256187363834423;0,3618381263616558
50188;Los Angeles Angels of Anaheim;2012;5327074,69;0,5494;0,9333333333333333;0,9158952069716776;-0,3664952069716776
50189;Los Angeles Dodgers;2012;3171452,5;0,5309;0,5333333333333333;0,5158952069716776;0,015004793028322472
50190;Miami Marlins;2012;4373259,26;0,4259;0,8;0,7825618736383443;-0,3566618736383443
50191;Milwaukee Brewers;2012;3755920,92;0,5123;0,6666666666666666;0,6492285403050109;-0,1369285403050109
50192;Minnesota Twins;2012;3484629,63;0,4074;0,6333333333333333;0,6158952069716775;-0,20849520697167756
50193;New York Yankees;2012;6776630,66;0,5864;1,0;0,9825618736383442;-0,3961618736383442
50194;New York Mets;2012;3457554,93;0,4568;0,6;0,5825618736383442;-0,12576187363834423
50195;Oakland Athletics;2012;1845750,0;0,5802;0,03333333333333333;0,015895206971677563;0,5643047930283225
50196;Philadelphia Phillies;2012;5817964,6;0,5;0,9666666666666667;0,9492285403050109;-0,4492285403050109
50197;Pittsburgh Pirates;2012;2248285,68;0,4877;0,13333333333333333;0,11589520697167756;0,3718047930283225
50198;San Diego Padres;2012;1973025,0;0,4691;0,06666666666666667;0,04922854030501089;0,4198714596949891
50199;Seattle Mariners;2012;2927789,29;0,463;0,4666666666666667;0,4492285403050109;0,013771459694989108
50200;San Francisco Giants;2012;3920689,43;0,5802;0,7333333333333333;0,7158952069716775;-0,13569520697167747
50201;St. Louis Cardinals;2012;3939316,5;0,5432;0,7666666666666667;0,749228540305011;-0,20602854030501094
50202;Tampa Bay Rays;2012;2291910,71;0,5556;0,16666666666666666;0,1492285403050109;0,4063714596949891
50203;Texas Rangers;2012;4635037,46;0,5741;0,8666666666666667;0,8492285403050109;-0,2751285403050109
50204;Toronto Blue Jays;2012;2778118,52;0,4506;0,4;0,38256187363834426;0,06803812636165574
50205;Washington Nationals;2012;2695171,43;0,6049;0,26666666666666666;0,2492285403050109;0,3556714596949891
50206;Arizona Diamondbacks;2013;3004400,0;0,5;0,43333333333333335;0,4158952069716776;0,08410479302832241
50207;Atlanta Braves;2013;3254500,93;0,5926;0,5333333333333333;0,5158952069716776;0,07670479302832245
50208;Baltimore Orioles;2013;3245897,42;0,5247;0,5;0,48256187363834424;0,042138126361655814
50209;Boston Red Sox;2013;5225172,41;0,5988;0,8666666666666667;0,8492285403050109;-0,25042854030501094
50210;Chicago White Sox;2013;4288045,61;0,3889;0,7333333333333333;0,7158952069716775;-0,3269952069716775
50211;Chicago Cubs;2013;3867989,46;0,4074;0,6;0,5825618736383442;-0,17516187363834423
50212;Cincinnati Reds;2013;4256178,48;0,5556;0,7;0,6825618736383442;-0,1269618736383442
50213;Cleveland Indians;2013;2706135,71;0,5679;0,23333333333333334;0,21589520697167758;0,3520047930283224
50214;Colorado Rockies;2013;2976362,84;0,4568;0,4;0,38256187363834426;0,07423812636165572
50215;Detroit Tigers;2013;6082895,83;0,5741;0,9;0,8825618736383443;-0,3084618736383442
50216;Houston Astros;2013;813213,64;0,3148;0,03333333333333333;0,015895206971677563;0,29890479302832246
50217;Kansas City Royals;2013;2966360,19;0,5309;0,36666666666666664;0,3492285403050109;0,18167145969498916
50218;Los Angeles Angels of Anaheim;2013;4775951,92;0,4815;0,8;0,7825618736383443;-0,3010618736383443
50219;Los Angeles Dodgers;2013;6980068,63;0,5679;0,9666666666666667;0,9492285403050109;-0,38132854030501095
50220;Miami Marlins;2013;1400079,17;0,3827;0,06666666666666667;0,04922854030501089;0,3334714596949891
50221;Milwaukee Brewers;2013;3077881,32;0,4568;0,4666666666666667;0,4492285403050109;0,007571459694989069
50222;Minnesota Twins;2013;2790277,78;0,4074;0,3;0,28256187363834423;0,12483812636165575
50223;New York Yankees;2013;7483189,87;0,5247;1,0;0,9825618736383442;-0,4578618736383442
50224;New York Mets;2013;1648278,2;0,4568;0,1;0,08256187363834423;0,37423812636165577
50225;Oakland Athletics;2013;1939758,06;0,5926;0,13333333333333333;0,11589520697167756;0,47670479302832247
50226;Philadelphia Phillies;2013;6533199,58;0,4506;0,9333333333333333;0,9158952069716776;-0,4652952069716776
50227;Pittsburgh Pirates;2013;2752214,29;0,5802;0,26666666666666666;0,2492285403050109;0,33097145969498915
50228;San Diego Padres;2013;2342339,29;0,4691;0,2;0,18256187363834425;0,28653812636165576
50229;Seattle Mariners;2013;2846347,81;0,4383;0,3333333333333333;0,31589520697167756;0,12240479302832247
50230;San Francisco Giants;2013;5006440,5;0,4691;0,8333333333333334;0,8158952069716776;-0,3467952069716776
50231;St. Louis Cardinals;2013;3295003,93;0,5988;0,5666666666666667;0,5492285403050109;0,049571459694989106
50232;Tampa Bay Rays;2013;2302403,13;0,5644;0,16666666666666666;0,1492285403050109;0,41517145969498914
50233;Texas Rangers;2013;3880089,66;0,5583;0,6333333333333333;0,6158952069716775;-0,057595206971677526
50234;Toronto Blue Jays;2013;4073809,68;0,4568;0,6666666666666666;0,6492285403050109;-0,1924285403050109
50235;Washington Nationals;2013;4548130,8;0,5309;0,7666666666666667;0,749228540305011;-0,21832854030501092
50236;Arizona Diamondbacks;2014;3763903,85;0,3951;0,5666666666666667;0,5492285403050109;-0,15412854030501089
50237;Atlanta Braves;2014;4067041,67;0,4877;0,6333333333333333;0,6158952069716775;-0,12819520697167752
50238;Baltimore Orioles;2014;3693428,57;0,5926;0,4666666666666667;0,4492285403050109;0,1433714596949891
50239;Boston Red Sox;2014;4484513,84;0,4383;0,7666666666666667;0,749228540305011;-0,31092854030501094
50240;Chicago White Sox;2014;3409604,17;0,4506;0,43333333333333335;0,4158952069716776;0,03470479302832241
50241;Chicago Cubs;2014;2426759,26;0,4506;0,1;0,08256187363834423;0,3680381263616558
50242;Cincinnati Reds;2014;3864910,71;0,4691;0,6;0,5825618736383442;-0,1134618736383442
50243;Cleveland Indians;2014;3159688,42;0,5247;0,3333333333333333;0,31589520697167756;0,2088047930283225
50244;Colorado Rockies;2014;3180116,67;0,4074;0,4;0,38256187363834426;0,02483812636165572
50245;Detroit Tigers;2014;6645891,3;0,5556;0,9333333333333333;0,9158952069716776;-0,3602952069716776
50246;Houston Astros;2014;1755815,0;0,4321;0,06666666666666667;0,04922854030501089;0,3828714596949891
50247;Kansas City Royals;2014;2983763,0;0,5494;0,26666666666666666;0,2492285403050109;0,3001714596949891
50248;Los Angeles Angels of Anaheim;2014;4518083,33;0,6049;0,8;0,7825618736383443;-0,1776618736383443
50249;Los Angeles Dodgers;2014;6781706,25;0,5802;0,9666666666666667;0,9492285403050109;-0,36902854030501087
50250;Miami Marlins;2014;1549514,81;0,4753;0,03333333333333333;0,015895206971677563;0,45940479302832243
50251;Milwaukee Brewers;2014;3748777,78;0,5062;0,5333333333333333;0,5158952069716776;-0,009695206971677583
50252;Minnesota Twins;2014;3102314,81;0,4321;0,3;0,28256187363834423;0,14953812636165575
50253;New York Yankees;2014;8230996,13;0,5185;1,0;0,9825618736383442;-0,4640618736383443
50254;New York Mets;2014;3168777,41;0,4877;0,36666666666666664;0,3492285403050109;0,13847145969498914
50255;Oakland Athletics;2014;2784938,46;0,5432;0,2;0,18256187363834425;0,36063812636165576
50256;Philadelphia Phillies;2014;5654530,22;0,4506;0,8666666666666667;0,8492285403050109;-0,39862854030501094
50257;Pittsburgh Pirates;2014;2756357,14;0,5432;0,16666666666666666;0,1492285403050109;0,39397145969498915
50258;San Diego Padres;2014;2703060,71;0,4753;0,13333333333333333;0,11589520697167756;0,35940479302832246
50259;Seattle Mariners;2014;3701244,0;0,537;0,5;0,48256187363834424;0,05443812636165579
50260;San Francisco Giants;2014;5839648,82;0,5432;0,9;0,8825618736383443;-0,33936187363834425
50261;St. Louis Cardinals;2014;4310464,29;0,5556;0,6666666666666666;0,6492285403050109;-0,09362854030501089
50262;Tampa Bay Rays;2014;2907564,0;0,4753;0,23333333333333334;0,21589520697167758;0,2594047930283224
50263;Texas Rangers;2014;4677294,13;0,4136;0,8333333333333334;0,8158952069716776;-0,4022952069716776
50264;Toronto Blue Jays;2014;4396804,0;0,5123;0,7;0,6825618736383442;-0,17026187363834422
50265;Washington Nationals;2014;4399456,0;0,5926;0,7333333333333333;0,7158952069716775;-0,1232952069716775
50266;Arizona Diamondbacks;2015;2132206,9;0,4877;0,03333333333333333;0,015895206971677563;0,47180479302832246
50267;Atlanta Braves;2015;2990885,42;0,4136;0,2;0,18256187363834425;0,23103812636165577
50268;Baltimore Orioles;2015;4108744,04;0,5;0,4;0,38256187363834426;0,11743812636165574
50269;Boston Red Sox;2015;5659481,25;0,4815;0,8666666666666667;0,8492285403050109;-0,36772854030501095
50270;Chicago White Sox;2015;4161988,89;0,4691;0,5;0,48256187363834424;-0,013461873638344224
50271;Chicago Cubs;2015;4138546,79;0,5988;0,43333333333333335;0,4158952069716776;0,1829047930283224
50272;Cincinnati Reds;2015;4187862,44;0,3951;0,5333333333333333;0,5158952069716776;-0,12079520697167756
50273;Cleveland Indians;2015;3022888,48;0,5031;0,23333333333333334;0,21589520697167758;0,2872047930283224
50274;Colorado Rockies;2015;3827544,0;0,4198;0,3333333333333333;0,31589520697167756;0,10390479302832245
50275;Detroit Tigers;2015;6891390,0;0,4596;0,9333333333333333;0,9158952069716776;-0,4562952069716776
50276;Houston Astros;2015;2580578,57;0,5309;0,1;0,08256187363834423;0,4483381263616558
50277;Kansas City Royals;2015;4152112,04;0,5864;0,4666666666666667;0,4492285403050109;0,13717145969498912
50278;Los Angeles Angels of Anaheim;2015;4444645,0;0,5247;0,6333333333333333;0,6158952069716775;-0,09119520697167749
50279;Los Angeles Dodgers;2015;7441103,45;0,5679;1,0;0,9825618736383442;-0,4146618736383443
50280;Miami Marlins;2015;2835687,5;0,4383;0,16666666666666666;0,1492285403050109;0,28907145969498915
50281;Milwaukee Brewers;2015;3477586,21;0,4198;0,3;0,28256187363834423;0,13723812636165578
50282;Minnesota Twins;2015;4310200,0;0,5123;0,6;0,5825618736383442;-0,07026187363834424
50283;New York Yankees;2015;7336274,38;0,537;0,9666666666666667;0,9492285403050109;-0,4122285403050109
50284;New York Mets;2015;3870667,32;0,5556;0,36666666666666664;0,3492285403050109;0,2063714596949891
50285;Oakland Athletics;2015;2823339,32;0,4198;0,13333333333333333;0,11589520697167756;0,30390479302832246
50286;Philadelphia Phillies;2015;4295884,62;0,3889;0,5666666666666667;0,5492285403050109;-0,16032854030501087
50287;Pittsburgh Pirates;2015;3065258,59;0,6049;0,26666666666666666;0,2492285403050109;0,3556714596949891
50288;San Diego Padres;2015;4555434,62;0,4568;0,7;0,6825618736383442;-0,2257618736383442
50289;Seattle Mariners;2015;4888348,0;0,4691;0,8;0,7825618736383443;-0,31346187363834427
50290;San Francisco Giants;2015;6100055,56;0,5185;0,9;0,8825618736383443;-0,3640618736383443
50291;St. Louis Cardinals;2015;4586211,54;0,6173;0,7333333333333333;0,7158952069716775;-0,09859520697167756
50292;Tampa Bay Rays;2015;2224870,1;0,4938;0,06666666666666667;0,04922854030501089;0,4445714596949891
50293;Texas Rangers;2015;4791426,3;0,5432;0,7666666666666667;0,749228540305011;-0,20602854030501094
50294;Toronto Blue Jays;2015;4519696,0;0,5741;0,6666666666666666;0,6492285403050109;-0,07512854030501082
50295;Washington Nationals;2015;5365085,24;0,5123;0,8333333333333334;0,8158952069716776;-0,30359520697167763
50296;Arizona Diamondbacks;2016;3363040,88;0,4259;0,3;0,28256187363834423;0,14333812636165577
50297;Atlanta Braves;2016;2362010,03;0,4224;0,13333333333333333;0,11589520697167756;0,30650479302832245
50298;Baltimore Orioles;2016;5581498,48;0,5494;0,8;0,7825618736383443;-0,23316187363834429
50299;Boston Red Sox;2016;6501577,97;0,5741;0,9333333333333333;0,9158952069716776;-0,34179520697167753
50300;Chicago White Sox;2016;4519946,68;0,4815;0,5;0,48256187363834424;-0,0010618736383442573
50301;Chicago Cubs;2016;5312678,21;0,6398;0,7333333333333333;0,7158952069716775;-0,07609520697167749
50302;Cincinnati Reds;2016;3066898,59;0,4198;0,26666666666666666;0,2492285403050109;0,1705714596949891
50303;Cleveland Indians;2016;2752292,59;0,5839;0,16666666666666666;0,1492285403050109;0,4346714596949891
50304;Colorado Rockies;2016;3413487,0;0,463;0,36666666666666664;0,3492285403050109;0,11377145969498914
50305;Detroit Tigers;2016;6286338,1;0,5342;0,8666666666666667;0,8492285403050109;-0,31502854030501093
50306;Houston Astros;2016;3389060,71;0,5185;0,3333333333333333;0,31589520697167756;0,2026047930283224
50307;Kansas City Royals;2016;4534038,79;0,5;0,5333333333333333;0,5158952069716776;-0,015895206971677567
50308;Los Angeles Angels of Anaheim;2016;5278897,42;0,4568;0,7;0,6825618736383442;-0,2257618736383442
50309;Los Angeles Dodgers;2016;6322525,14;0,5617;0,9;0,8825618736383443;-0,3208618736383443
50310;Miami Marlins;2016;2761221,5;0,4907;0,2;0,18256187363834425;0,3081381263616558
50311;Milwaukee Brewers;2016;2292507,9;0,4506;0,1;0,08256187363834423;0,3680381263616558
50312;Minnesota Twins;2016;4274300,0;0,3642;0,4666666666666667;0,4492285403050109;-0,08502854030501089
50313;New York Yankees;2016;7689579,03;0,5185;1,0;0,9825618736383442;-0,4640618736383443
50314;New York Mets;2016;4958856,63;0,537;0,6666666666666666;0,6492285403050109;-0,11222854030501084
50315;Oakland Athletics;2016;2893541,13;0,4259;0,23333333333333334;0,21589520697167758;0,21000479302832242
50316;Philadelphia Phillies;2016;2033793,1;0,4383;0,03333333333333333;0,015895206971677563;0,42240479302832246
50317;Pittsburgh Pirates;2016;3706386,89;0,4845;0,4;0,38256187363834426;0,10193812636165572
50318;San Diego Padres;2016;3756474,59;0,4198;0,43333333333333335;0,4158952069716776;0,0039047930283224175
50319;Seattle Mariners;2016;4845833,54;0,5309;0,6333333333333333;0,6158952069716775;-0,0849952069716775
50320;San Francisco Giants;2016;6890151,12;0,537;0,9666666666666667;0,9492285403050109;-0,4122285403050109
50321;St. Louis Cardinals;2016;4614629,03;0,5309;0,5666666666666667;0,5492285403050109;-0,018328540305010854
50322;Tampa Bay Rays;2016;2039189,64;0,4198;0,06666666666666667;0,04922854030501089;0,3705714596949891
50323;Texas Rangers;2016;6070300,79;0,5864;0,8333333333333334;0,8158952069716776;-0,22949520697167758
50324;Toronto Blue Jays;2016;4782817,24;0,5494;0,6;0,5825618736383442;-0,03316187363834422
50325;Washington Nationals;2016;5448178,69;0,5864;0,7666666666666667;0,749228540305011;-0,16282854030501093
