49408;Atlanta Braves;1985;673045.45;0.4074
49409;Baltimore Orioles;1985;525486.91;0.5155
49410;Boston Red Sox;1985;435902.40;0.5000
49411;California Angels;1985;515281.93;0.5556
49412;Chicago White Sox;1985;468865.62;0.5247
49413;Chicago Cubs;1985;577405.32;0.4783
49414;Cincinnati Reds;1985;379996.23;0.5528
49415;Cleveland Indians;1985;327583.30;0.3704
49416;Detroit Tigers;1985;517407.15;0.5217
49417;Houston Astros;1985;499652.55;0.5123
49418;Kansas City Royals;1985;423689.95;0.5617
49419;Los Angeles Dodgers;1985;476865.96;0.5864
49420;Minnesota Twins;1985;303411.63;0.4753
49421;Milwaukee Brewers;1985;593900.37;0.4410
49422;Montreal Expos;1985;473508.30;0.5217
49423;New York Yankees;1985;711910.20;0.6025
49424;New York Mets;1985;515941.05;0.6049
49425;Oakland Athletics;1985;431362.19;0.4753
49426;Philadelphia Phillies;1985;532892.95;0.4630
49427;Pittsburgh Pirates;1985;485657.89;0.3540
49428;San Diego Padres;1985;501662.86;0.5123
49429;Seattle Mariners;1985;256277.78;0.4568
49430;San Francisco Giants;1985;411085.70;0.3827
49431;St. Louis Cardinals;1985;472683.32;0.6235
49432;Texas Rangers;1985;383825.00;0.3851
49433;Toronto Blue Jays;1985;440627.50;0.6149
49434;Atlanta Braves;1986;589751.24;0.4472
49435;Baltimore Orioles;1986;448319.24;0.4506
49436;Boston Red Sox;1986;496628.93;0.5901
49437;California Angels;1986;497491.66;0.5679
49438;Chicago White Sox;1986;336090.94;0.4444
49439;Chicago Cubs;1986;555102.10;0.4375
49440;Cincinnati Reds;1986;396879.60;0.5309
49441;Cleveland Indians;1986;251919.35;0.5185
49442;Detroit Tigers;1986;456878.30;0.5370
49443;Houston Astros;1986;411386.50;0.5926
49444;Kansas City Royals;1986;465846.36;0.4691
49445;Los Angeles Dodgers;1986;466055.50;0.4506
49446;Minnesota Twins;1986;397643.95;0.4383
49447;Milwaukee Brewers;1986;355130.07;0.4783
49448;Montreal Expos;1986;346987.50;0.4845
49449;New York Yankees;1986;660509.04;0.5556
49450;New York Mets;1986;549775.50;0.6667
49451;Oakland Athletics;1986;315465.19;0.4691
49452;Philadelphia Phillies;1986;373876.32;0.5342
49453;Pittsburgh Pirates;1986;373913.79;0.3951
49454;San Diego Padres;1986;455227.72;0.4568
49455;Seattle Mariners;1986;229165.73;0.4136
49456;San Francisco Giants;1986;319535.71;0.5123
49457;St. Louis Cardinals;1986;365741.11;0.4907
49458;Texas Rangers;1986;259350.73;0.5370
49459;Toronto Blue Jays;1986;467075.81;0.5309
49460;Atlanta Braves;1987;517017.50;0.4286
49461;Baltimore Orioles;1987;463342.43;0.4136
49462;Boston Red Sox;1987;676277.80;0.4815
49463;California Angels;1987;475685.15;0.4630
49464;Chicago White Sox;1987;443410.13;0.4753
49465;Chicago Cubs;1987;550307.65;0.4720
49466;Cincinnati Reds;1987;356980.77;0.5185
49467;Cleveland Indians;1987;304062.50;0.3765
49468;Detroit Tigers;1987;527081.78;0.6049
49469;Houston Astros;1987;450298.96;0.4691
49470;Kansas City Royals;1987;438076.15;0.5123
49471;Los Angeles Dodgers;1987;488407.25;0.4506
49472;Minnesota Twins;1987;710833.33;0.5247
49473;Milwaukee Brewers;1987;260472.29;0.5617
49474;Montreal Expos;1987;289252.17;0.5617
49475;New York Yankees;1987;488563.26;0.5494
49476;New York Mets;1987;553868.56;0.5679
49477;Oakland Athletics;1987;449263.04;0.5000
49478;Philadelphia Phillies;1987;479759.71;0.4938
49479;Pittsburgh Pirates;1987;306080.00;0.4938
49480;San Diego Padres;1987;409844.30;0.4012
49481;Seattle Mariners;1987;251500.00;0.4815
49482;San Francisco Giants;1987;316956.52;0.5556
49483;St. Louis Cardinals;1987;379290.32;0.5864
49484;Texas Rangers;1987;220000.00;0.4630
49485;Toronto Blue Jays;1987;455630.48;0.5926
49486;Atlanta Braves;1988;438902.55;0.3375
49487;Baltimore Orioles;1988;501187.96;0.3354
49488;Boston Red Sox;1988;579003.83;0.5494
49489;California Angels;1988;426692.43;0.4630
49490;Chicago White Sox;1988;266250.00;0.4410
49491;Chicago Cubs;1988;524767.92;0.4753
49492;Cincinnati Reds;1988;355536.36;0.5404
49493;Cleveland Indians;1988;406204.55;0.4815
49494;Detroit Tigers;1988;559546.57;0.5432
49495;Houston Astros;1988;472544.88;0.5062
49496;Kansas City Royals;1988;559867.77;0.5217
49497;Los Angeles Dodgers;1988;561683.83;0.5839
49498;Minnesota Twins;1988;541855.04;0.5617
49499;Milwaukee Brewers;1988;381909.09;0.5370
49500;Montreal Expos;1988;384133.32;0.5000
49501;New York Yankees;1988;648038.40;0.5280
49502;New York Mets;1988;610772.56;0.6250
49503;Oakland Athletics;1988;421304.35;0.6420
49504;Philadelphia Phillies;1988;532230.77;0.4037
49505;Pittsburgh Pirates;1988;222166.67;0.5313
49506;San Diego Padres;1988;354111.19;0.5155
49507;Seattle Mariners;1988;282401.92;0.4224
49508;San Francisco Giants;1988;495200.00;0.5123
49509;St. Louis Cardinals;1988;477037.04;0.4691
49510;Texas Rangers;1988;242824.14;0.4348
49511;Toronto Blue Jays;1988;470816.35;0.5370
49512;Atlanta Braves;1989;370411.13;0.3937
49513;Baltimore Orioles;1989;318275.65;0.5370
49514;Boston Red Sox;1989;672374.92;0.5123
49515;California Angels;1989;580685.88;0.5617
49516;Chicago White Sox;1989;290616.40;0.4286
49517;Chicago Cubs;1989;444500.00;0.5741
49518;Cincinnati Reds;1989;381793.10;0.4630
49519;Cleveland Indians;1989;336833.33;0.4506
49520;Detroit Tigers;1989;582554.00;0.3642
49521;Houston Astros;1989;556648.15;0.5309
49522;Kansas City Royals;1989;691984.00;0.5679
49523;Los Angeles Dodgers;1989;679727.81;0.4813
49524;Minnesota Twins;1989;621266.64;0.4938
49525;Milwaukee Brewers;1989;384433.33;0.5000
49526;Montreal Expos;1989;493121.04;0.5000
49527;New York Yankees;1989;552076.61;0.4596
49528;New York Mets;1989;710181.11;0.5370
49529;Oakland Athletics;1989;624522.80;0.6111
49530;Philadelphia Phillies;1989;407846.15;0.4136
49531;Pittsburgh Pirates;1989;439224.14;0.4568
49532;San Diego Padres;1989;525740.74;0.5494
49533;Seattle Mariners;1989;407479.17;0.4506
49534;San Francisco Giants;1989;534386.93;0.5679
49535;St. Louis Cardinals;1989;574244.04;0.5309
49536;Texas Rangers;1989;396459.37;0.5123
49537;Toronto Blue Jays;1989;580773.79;0.5494
49538;Atlanta Braves;1990;454859.41;0.4012
49539;Baltimore Orioles;1990;261623.89;0.4720
49540;Boston Red Sox;1990;642447.91;0.5432
49541;California Angels;1990;620571.43;0.4938
49542;Chicago White Sox;1990;306177.42;0.5802
49543;Chicago Cubs;1990;439483.87;0.4753
49544;Cincinnati Reds;1990;422647.06;0.5617
49545;Cleveland Indians;1990;439000.00;0.4753
49546;Detroit Tigers;1990;533128.42;0.4877
49547;Houston Astros;1990;591290.32;0.4630
49548;Kansas City Royals;1990;667459.54;0.4658
49549;Los Angeles Dodgers;1990;609105.83;0.5309
49550;Minnesota Twins;1990;405611.11;0.4568
49551;Milwaukee Brewers;1990;532950.46;0.4568
49552;Montreal Expos;1990;535044.77;0.5247
49553;New York Yankees;1990;633706.61;0.4136
49554;New York Mets;1990;678838.56;0.5617
49555;Oakland Athletics;1990;584926.50;0.6358
49556;Philadelphia Phillies;1990;439122.23;0.4753
49557;Pittsburgh Pirates;1990;432111.11;0.5864
49558;San Diego Padres;1990;549635.44;0.4630
49559;Seattle Mariners;1990;369225.50;0.4753
49560;San Francisco Giants;1990;568686.26;0.5247
49561;St. Louis Cardinals;1990;586380.97;0.4321
49562;Texas Rangers;1990;402010.05;0.5123
49563;Toronto Blue Jays;1990;657660.52;0.5309
49564;Atlanta Braves;1991;736140.00;0.5802
49565;Baltimore Orioles;1991;565129.03;0.4136
49566;Boston Red Sox;1991;1172250.00;0.5185
49567;California Angels;1991;1066451.65;0.5000
49568;Chicago White Sox;1991;604273.82;0.5370
49569;Chicago Cubs;1991;927026.68;0.4813
49570;Cincinnati Reds;1991;1011743.58;0.4568
49571;Cleveland Indians;1991;587833.33;0.3519
49572;Detroit Tigers;1991;953533.32;0.5185
49573;Houston Astros;1991;514100.00;0.4012
49574;Kansas City Royals;1991;1253325.43;0.5062
49575;Los Angeles Dodgers;1991;1093022.13;0.5741
49576;Minnesota Twins;1991;973409.71;0.5864
49577;Milwaukee Brewers;1991;1005021.74;0.5123
49578;Montreal Expos;1991;631313.71;0.4410
49579;New York Yankees;1991;976577.43;0.4383
49580;New York Mets;1991;1253461.58;0.4783
49581;Oakland Athletics;1991;1423044.88;0.5185
49582;Philadelphia Phillies;1991;749577.73;0.4815
49583;Pittsburgh Pirates;1991;875358.04;0.6049
49584;San Diego Padres;1991;738333.37;0.5185
49585;Seattle Mariners;1991;603532.04;0.5123
49586;San Francisco Giants;1991;1191064.08;0.4630
49587;St. Louis Cardinals;1991;753793.14;0.5185
49588;Texas Rangers;1991;867833.33;0.5247
49589;Toronto Blue Jays;1991;796096.68;0.5617
49590;Atlanta Braves;1992;1116946.23;0.6049
49591;Baltimore Orioles;1992;720626.27;0.5494
49592;Boston Red Sox;1992;1406793.03;0.4506
49593;California Angels;1992;1158311.13;0.4444
49594;Chicago White Sox;1992;1005361.10;0.5309
49595;Chicago Cubs;1992;1065345.93;0.4815
49596;Cincinnati Reds;1992;1330796.26;0.5556
49597;Cleveland Indians;1992;267801.26;0.4691
49598;Detroit Tigers;1992;975815.50;0.4630
49599;Houston Astros;1992;513583.33;0.5000
49600;Kansas City Royals;1992;1210494.07;0.4444
49601;Los Angeles Dodgers;1992;1544419.52;0.3889
49602;Minnesota Twins;1992;1000994.07;0.5556
49603;Milwaukee Brewers;1992;1148654.33;0.5679
49604;Montreal Expos;1992;586012.37;0.5370
49605;New York Yankees;1992;1137676.79;0.4691
49606;New York Mets;1992;1715461.62;0.4444
49607;Oakland Athletics;1992;1282343.75;0.5926
49608;Philadelphia Phillies;1992;812794.47;0.4321
49609;Pittsburgh Pirates;1992;1212291.68;0.5926
49610;San Diego Padres;1992;959077.39;0.5062
49611;Seattle Mariners;1992;799304.59;0.3951
49612;San Francisco Giants;1992;1326526.72;0.4444
49613;St. Louis Cardinals;1992;951166.76;0.5123
49614;Texas Rangers;1992;971876.35;0.4753
49615;Toronto Blue Jays;1992;1244129.61;0.5926
49616;Atlanta Braves;1993;1261861.12;0.6420
49617;Baltimore Orioles;1993;909265.63;0.5247
49618;Boston Red Sox;1993;1197438.16;0.4938
49619;California Angels;1993;893385.44;0.4383
49620;Chicago White Sox;1993;1280521.48;0.5802
49621;Chicago Cubs;1993;1230833.31;0.5185
49622;Cincinnati Reds;1993;1359989.88;0.4506
49623;Cleveland Indians;1993;464025.00;0.4691
49624;Colorado Rockies;1993;313742.42;0.4136
49625;Detroit Tigers;1993;1230650.48;0.5247
49626;Florida Marlins;1993;568545.44;0.3951
49627;Houston Astros;1993;1041741.38;0.5247
49628;Kansas City Royals;1993;1292067.72;0.5185
49629;Los Angeles Dodgers;1993;1229124.97;0.5000
49630;Minnesota Twins;1993;855088.88;0.4383
49631;Milwaukee Brewers;1993;721419.21;0.4259
49632;Montreal Expos;1993;484598.28;0.5802
49633;New York Yankees;1993;1302269.70;0.5432
49634;New York Mets;1993;1301455.57;0.3642
49635;Oakland Athletics;1993;1050342.58;0.4198
49636;Philadelphia Phillies;1993;891822.94;0.5988
49637;Pittsburgh Pirates;1993;752195.97;0.4630
49638;San Diego Padres;1993;750333.32;0.3765
49639;Seattle Mariners;1993;990797.97;0.5062
49640;San Francisco Giants;1993;1130645.16;0.6358
49641;St. Louis Cardinals;1993;778911.13;0.5370
49642;Texas Rangers;1993;957288.39;0.5309
49643;Toronto Blue Jays;1993;1432702.00;0.5864
49644;Atlanta Braves;1994;1646117.10;0.5965
49645;Baltimore Orioles;1994;1253218.35;0.5625
49646;Boston Red Sox;1994;1261969.47;0.4696
49647;California Angels;1994;786131.81;0.4087
49648;Chicago White Sox;1994;1306127.87;0.5929
49649;Chicago Cubs;1994;1170559.13;0.4336
49650;Cincinnati Reds;1994;1321349.45;0.5789
49651;Cleveland Indians;1994;871157.14;0.5841
49652;Colorado Rockies;1994;702568.62;0.4530
49653;Detroit Tigers;1994;1336983.90;0.4609
49654;Florida Marlins;1994;584675.68;0.4435
49655;Houston Astros;1994;1003818.18;0.5739
49656;Kansas City Royals;1994;1501530.89;0.5565
49657;Los Angeles Dodgers;1994;1225806.48;0.5088
49658;Minnesota Twins;1994;947950.00;0.4690
49659;Milwaukee Brewers;1994;785500.00;0.4609
49660;Montreal Expos;1994;682071.43;0.6491
49661;New York Yankees;1994;1576942.55;0.6195
49662;New York Mets;1994;998599.45;0.4867
49663;Oakland Athletics;1994;1035530.30;0.4474
49664;Philadelphia Phillies;1994;987468.75;0.4696
49665;Pittsburgh Pirates;1994;712272.06;0.4649
49666;San Diego Padres;1994;426180.94;0.4017
49667;Seattle Mariners;1994;885712.12;0.4375
49668;San Francisco Giants;1994;1332458.31;0.4783
49669;St. Louis Cardinals;1994;975853.37;0.4649
49670;Texas Rangers;1994;999199.91;0.4561
49671;Toronto Blue Jays;1994;1447788.93;0.4783
49672;Atlanta Braves;1995;1628808.45;0.6250
49673;Baltimore Orioles;1995;1187635.70;0.4931
49674;Boston Red Sox;1995;877176.16;0.5972
49675;California Angels;1995;946156.70;0.5379
49676;Chicago White Sox;1995;1341750.91;0.4722
49677;Chicago Cubs;1995;922057.31;0.5069
49678;Cincinnati Reds;1995;1268960.88;0.5903
49679;Cleveland Indians;1995;1083938.14;0.6944
49680;Colorado Rockies;1995;948742.14;0.5347
49681;Detroit Tigers;1995;1122550.55;0.4167
49682;Florida Marlins;1995;662588.68;0.4685
49683;Houston Astros;1995;949162.06;0.5278
49684;Kansas City Royals;1995;738320.85;0.4861
49685;Los Angeles Dodgers;1995;1061437.86;0.5417
49686;Minnesota Twins;1995;770015.15;0.3889
49687;Milwaukee Brewers;1995;508537.86;0.4514
49688;Montreal Expos;1995;374666.67;0.4583
49689;New York Yankees;1995;1437495.62;0.5486
49690;New York Mets;1995;674999.80;0.4792
49691;Oakland Athletics;1995;1019979.05;0.4653
49692;Philadelphia Phillies;1995;783485.77;0.4792
49693;Pittsburgh Pirates;1995;556222.58;0.4028
49694;San Diego Padres;1995;851043.03;0.4861
49695;Seattle Mariners;1995;1042323.17;0.5448
49696;San Francisco Giants;1995;934943.00;0.4653
49697;St. Louis Cardinals;1995;976342.11;0.4336
49698;Texas Rangers;1995;1017101.50;0.5139
49699;Toronto Blue Jays;1995;1533030.30;0.3889
49700;Atlanta Braves;1996;1656616.67;0.5926
49701;Baltimore Orioles;1996;1702822.34;0.5432
49702;Boston Red Sox;1996;1177597.22;0.5247
49703;California Angels;1996;776702.70;0.4348
49704;Chicago White Sox;1996;1612125.00;0.5247
49705;Chicago Cubs;1996;1002454.55;0.4691
49706;Cincinnati Reds;1996;1215038.11;0.5000
49707;Cleveland Indians;1996;1551850.32;0.6149
49708;Colorado Rockies;1996;1296123.32;0.5123
49709;Detroit Tigers;1996;732437.50;0.3272
49710;Florida Marlins;1996;969453.13;0.4938
49711;Houston Astros;1996;918935.48;0.5062
49712;Kansas City Royals;1996;614583.33;0.4658
49713;Los Angeles Dodgers;1996;1104843.75;0.5556
49714;Minnesota Twins;1996;700515.15;0.4815
49715;Milwaukee Brewers;1996;639117.65;0.4938
49716;Montreal Expos;1996;524661.29;0.5432
49717;New York Yankees;1996;1593876.24;0.5679
49718;New York Mets;1996;741803.03;0.4383
49719;Oakland Athletics;1996;574135.14;0.4815
49720;Philadelphia Phillies;1996;798011.63;0.4136
49721;Pittsburgh Pirates;1996;657642.86;0.4506
49722;San Diego Padres;1996;944939.07;0.5617
49723;Seattle Mariners;1996;1215544.15;0.5280
49724;San Francisco Giants;1996;1061277.86;0.4198
49725;St. Louis Cardinals;1996;1220292.94;0.5432
49726;Texas Rangers;1996;1183076.61;0.5556
49727;Toronto Blue Jays;1996;895608.58;0.4568
49728;Anaheim Angels;1997;1004370.06;0.5185
49729;Atlanta Braves;1997;1686403.23;0.6235
49730;Baltimore Orioles;1997;2017806.90;0.6049
49731;Boston Red Sox;1997;1281139.71;0.4815
49732;Chicago White Sox;1997;1603888.89;0.4969
49733;Chicago Cubs;1997;1317354.16;0.4198
49734;Cincinnati Reds;1997;1244200.00;0.4691
49735;Cleveland Indians;1997;1832337.42;0.5342
49736;Colorado Rockies;1997;1451988.90;0.5123
49737;Detroit Tigers;1997;595586.21;0.4877
49738;Florida Marlins;1997;1570725.81;0.5679
49739;Houston Astros;1997;1121854.84;0.5185
49740;Kansas City Royals;1997;936621.62;0.4161
49741;Los Angeles Dodgers;1997;1512676.80;0.5432
49742;Minnesota Twins;1997;1099112.90;0.4198
49743;Milwaukee Brewers;1997;695745.24;0.4845
49744;Montreal Expos;1997;622435.48;0.4815
49745;New York Yankees;1997;2146260.17;0.5926
49746;New York Mets;1997;1137154.29;0.5432
49747;Oakland Athletics;1997;615858.97;0.4012
49748;Philadelphia Phillies;1997;916412.50;0.4198
49749;Pittsburgh Pirates;1997;307761.91;0.4877
49750;San Diego Padres;1997;1288402.48;0.4691
49751;Seattle Mariners;1997;1298145.66;0.5556
49752;San Francisco Giants;1997;1112261.81;0.5556
49753;St. Louis Cardinals;1997;1262685.19;0.4506
49754;Texas Rangers;1997;1444563.19;0.4753
49755;Toronto Blue Jays;1997;1426661.61;0.4691
49756;Anaheim Angels;1998;1214147.06;0.5247
49757;Arizona Diamondbacks;1998;898527.78;0.4012
49758;Atlanta Braves;1998;1912062.50;0.6543
49759;Baltimore Orioles;1998;2411854.47;0.4877
49760;Boston Red Sox;1998;1719909.09;0.5679
49761;Chicago White Sox;1998;1161666.67;0.4938
49762;Chicago Cubs;1998;1639935.48;0.5521
49763;Cincinnati Reds;1998;676617.65;0.4753
49764;Cleveland Indians;1998;1842429.27;0.5494
49765;Colorado Rockies;1998;1682821.60;0.4753
49766;Detroit Tigers;1998;687571.43;0.4012
49767;Florida Marlins;1998;1033066.68;0.3333
49768;Houston Astros;1998;1324187.50;0.6296
49769;Kansas City Royals;1998;945192.31;0.4472
49770;Los Angeles Dodgers;1998;1435882.35;0.5123
49771;Milwaukee Brewers;1998;997497.18;0.4568
49772;Minnesota Twins;1998;963017.24;0.4321
49773;Montreal Expos;1998;322469.70;0.4012
49774;New York Yankees;1998;2087714.59;0.7037
49775;New York Mets;1998;1578121.18;0.5432
49776;Oakland Athletics;1998;608657.14;0.4568
49777;Philadelphia Phillies;1998;1037071.43;0.4630
49778;Pittsburgh Pirates;1998;430428.57;0.4259
49779;San Diego Padres;1998;1562050.00;0.6049
49780;Seattle Mariners;1998;1423343.05;0.4720
49781;San Francisco Giants;1998;1520208.36;0.5460
49782;St. Louis Cardinals;1998;1562072.03;0.5123
49783;Tampa Bay Devil Rays;1998;826666.67;0.3889
49784;Texas Rangers;1998;1885736.50;0.5432
49785;Toronto Blue Jays;1998;1605500.00;0.5432
49786;Anaheim Angels;1999;1384704.15;0.4321
49787;Arizona Diamondbacks;1999;2020705.85;0.6173
49788;Atlanta Braves;1999;2522068.97;0.6358
49789;Baltimore Orioles;1999;2303024.66;0.4815
49790;Boston Red Sox;1999;2048306.45;0.5802
49791;Chicago White Sox;1999;800625.00;0.4658
49792;Chicago Cubs;1999;1684945.95;0.4136
49793;Cincinnati Reds;1999;1095572.94;0.5890
49794;Cleveland Indians;1999;1920485.84;0.5988
49795;Colorado Rockies;1999;1821642.26;0.4444
49796;Detroit Tigers;1999;1073225.47;0.4286
49797;Florida Marlins;1999;585694.44;0.3951
49798;Houston Astros;1999;1716062.50;0.5988
49799;Kansas City Royals;1999;708783.78;0.3975
49800;Los Angeles Dodgers;1999;2378307.44;0.4753
49801;Milwaukee Brewers;1999;1355543.59;0.4596
49802;Minnesota Twins;1999;733017.24;0.3937
49803;Montreal Expos;1999;511514.29;0.4198
49804;New York Yankees;1999;2990839.97;0.6049
49805;New York Mets;1999;2099744.90;0.5951
49806;Oakland Athletics;1999;814394.43;0.5370
49807;Philadelphia Phillies;1999;932132.35;0.4753
49808;Pittsburgh Pirates;1999;655728.05;0.4845
49809;San Diego Padres;1999;1508126.64;0.4568
49810;Seattle Mariners;1999;1503472.31;0.4877
49811;San Francisco Giants;1999;1606726.10;0.5309
49812;St. Louis Cardinals;1999;1382727.64;0.4658
49813;Tampa Bay Devil Rays;1999;1022894.74;0.4259
49814;Texas Rangers;1999;2556997.70;0.5864
49815;Toronto Blue Jays;1999;1420135.41;0.5185
49816;Anaheim Angels;2000;1715472.23;0.5062
49817;Arizona Diamondbacks;2000;2893851.18;0.5247
49818;Atlanta Braves;2000;2817927.87;0.5864
49819;Baltimore Orioles;2000;2808532.24;0.4568
49820;Boston Red Sox;2000;2598011.10;0.5247
49821;Chicago White Sox;2000;1073568.97;0.5864
49822;Chicago Cubs;2000;2017977.77;0.4012
49823;Cincinnati Reds;2000;1735822.22;0.5247
49824;Cleveland Indians;2000;2918491.19;0.5556
49825;Colorado Rockies;2000;2182542.50;0.5062
49826;Detroit Tigers;2000;2157969.15;0.4877
49827;Florida Marlins;2000;709714.29;0.4907
49828;Houston Astros;2000;1899596.70;0.4444
49829;Kansas City Royals;2000;836892.86;0.4753
49830;Los Angeles Dodgers;2000;3381703.31;0.5309
49831;Milwaukee Brewers;2000;1140791.66;0.4506
49832;Minnesota Twins;2000;635365.38;0.4259
49833;Montreal Expos;2000;1137735.62;0.4136
49834;New York Yankees;2000;3297795.00;0.5404
49835;New York Mets;2000;3180391.04;0.5802
49836;Oakland Athletics;2000;1184123.44;0.5652
49837;Philadelphia Phillies;2000;1631310.34;0.4012
49838;Pittsburgh Pirates;2000;1112628.23;0.4259
49839;San Diego Padres;2000;1827366.67;0.4691
49840;Seattle Mariners;2000;2265961.54;0.5617
49841;San Francisco Giants;2000;2066839.46;0.5988
49842;St. Louis Cardinals;2000;2276069.00;0.5864
49843;Tampa Bay Devil Rays;2000;2024681.58;0.4286
49844;Texas Rangers;2000;2722920.04;0.4383
49845;Toronto Blue Jays;2000;1793533.28;0.5123
49846;Anaheim Angels;2001;1584505.57;0.4630
49847;Arizona Diamondbacks;2001;3038678.54;0.5679
49848;Atlanta Braves;2001;2965682.77;0.5432
49849;Baltimore Orioles;2001;2331018.62;0.3913
49850;Boston Red Sox;2001;3438619.78;0.5093
49851;Chicago White Sox;2001;2431617.30;0.5123
49852;Chicago Cubs;2001;2396882.70;0.5432
49853;Cincinnati Reds;2001;1814296.30;0.4074
49854;Cleveland Indians;2001;3105066.70;0.5617
49855;Colorado Rockies;2001;2751589.77;0.4506
49856;Detroit Tigers;2001;1907720.25;0.4074
49857;Florida Marlins;2001;1153629.03;0.4691
49858;Houston Astros;2001;2164738.11;0.5741
49859;Kansas City Royals;2001;1265089.29;0.4012
49860;Los Angeles Dodgers;2001;3762274.24;0.5309
49861;Milwaukee Brewers;2001;1567386.89;0.4198
49862;Minnesota Twins;2001;893703.70;0.5247
49863;Montreal Expos;2001;1134177.42;0.4198
49864;New York Yankees;2001;3622165.90;0.5938
49865;New York Mets;2001;3212911.31;0.5062
49866;Oakland Athletics;2001;1252250.00;0.6296
49867;Philadelphia Phillies;2001;1602455.12;0.5309
49868;Pittsburgh Pirates;2001;1863252.68;0.3827
49869;San Diego Padres;2001;1399386.89;0.4877
49870;Seattle Mariners;2001;2668601.21;0.7160
49871;San Francisco Giants;2001;2343709.89;0.5556
49872;St. Louis Cardinals;2001;2617944.43;0.5741
49873;Tampa Bay Devil Rays;2001;2110370.37;0.3827
49874;Texas Rangers;2001;2859145.16;0.4506
49875;Toronto Blue Jays;2001;2746285.68;0.4938
49876;Anaheim Angels;2002;2204345.25;0.6111
49877;Arizona Diamondbacks;2002;3115757.55;0.6049
49878;Atlanta Braves;2002;3316798.82;0.6312
49879;Baltimore Orioles;2002;1890421.47;0.4136
49880;Boston Red Sox;2002;3612202.00;0.5741
49881;Chicago White Sox;2002;2113067.89;0.5000
49882;Chicago Cubs;2002;2703244.04;0.4136
49883;Cincinnati Reds;2002;1501679.67;0.4815
49884;Cleveland Indians;2002;2630314.97;0.4568
49885;Colorado Rockies;2002;2105594.19;0.4506
49886;Detroit Tigers;2002;1966000.00;0.3416
49887;Florida Marlins;2002;1499282.75;0.4877
49888;Houston Astros;2002;2349941.37;0.5185
49889;Kansas City Royals;2002;1629551.72;0.3827
49890;Los Angeles Dodgers;2002;3648113.58;0.5679
49891;Milwaukee Brewers;2002;1734063.21;0.3457
49892;Minnesota Twins;2002;1497222.22;0.5839
49893;Montreal Expos;2002;1381089.29;0.5123
49894;New York Yankees;2002;4342364.93;0.6398
49895;New York Mets;2002;3639753.58;0.4658
49896;Oakland Athletics;2002;1481635.81;0.6358
49897;Philadelphia Phillies;2002;2069821.39;0.4969
49898;Pittsburgh Pirates;2002;1459434.45;0.4472
49899;San Diego Padres;2002;1428448.28;0.4074
49900;Seattle Mariners;2002;3211306.72;0.5741
49901;San Francisco Giants;2002;2899993.89;0.5901
49902;St. Louis Cardinals;2002;2871572.12;0.5988
49903;Tampa Bay Devil Rays;2002;1227857.14;0.3416
49904;Texas Rangers;2002;3768790.07;0.4444
49905;Toronto Blue Jays;2002;2650494.24;0.4815
49906;Anaheim Angels;2003;2927098.78;0.4753
49907;Arizona Diamondbacks;2003;3226280.00;0.5185
49908;Atlanta Braves;2003;3934950.63;0.6235
49909;Baltimore Orioles;2003;2547500.00;0.4383
49910;Boston Red Sox;2003;3701722.22;0.5864
49911;Chicago White Sox;2003;1961923.08;0.5309
49912;Chicago Cubs;2003;2852440.46;0.5432
49913;Cincinnati Reds;2003;2119845.25;0.4259
49914;Cleveland Indians;2003;1567252.71;0.4198
49915;Colorado Rockies;2003;2239322.23;0.4568
49916;Detroit Tigers;2003;1891076.92;0.2654
49917;Florida Marlins;2003;1648333.33;0.5617
49918;Houston Astros;2003;2732307.69;0.5370
49919;Kansas City Royals;2003;1558384.62;0.5123
49920;Los Angeles Dodgers;2003;4222904.80;0.5247
49921;Milwaukee Brewers;2003;1400931.03;0.4198
49922;Minnesota Twins;2003;2134807.69;0.5556
49923;Montreal Expos;2003;1998019.23;0.5123
49924;New York Yankees;2003;5455350.50;0.6235
49925;New York Mets;2003;4174158.18;0.4099
49926;Oakland Athletics;2003;1933109.00;0.5926
49927;Philadelphia Phillies;2003;2440689.66;0.5309
49928;Pittsburgh Pirates;2003;1957586.75;0.4630
49929;San Diego Padres;2003;1507000.00;0.3951
49930;Seattle Mariners;2003;3220709.89;0.5741
49931;San Francisco Giants;2003;3186621.81;0.6211
49932;St. Louis Cardinals;2003;2702795.68;0.5247
49933;Tampa Bay Devil Rays;2003;785200.00;0.3889
49934;Texas Rangers;2003;3449722.23;0.4383
49935;Toronto Blue Jays;2003;1898851.85;0.5309
49936;Anaheim Angels;2004;3723506.19;0.5679
49937;Arizona Diamondbacks;2004;2406232.76;0.3148
49938;Atlanta Braves;2004;3220803.57;0.5926
49939;Baltimore Orioles;2004;1843690.46;0.4815
49940;Boston Red Sox;2004;4243283.33;0.6049
49941;Chicago White Sox;2004;2508173.08;0.5123
49942;Chicago Cubs;2004;3122758.62;0.5494
49943;Cincinnati Reds;2004;1664830.36;0.4691
49944;Cleveland Indians;2004;1143976.67;0.4938
49945;Colorado Rockies;2004;2337327.39;0.4198
49946;Detroit Tigers;2004;1672571.43;0.4444
49947;Florida Marlins;2004;1560853.41;0.5123
49948;Houston Astros;2004;3015880.00;0.5679
49949;Kansas City Royals;2004;1586966.67;0.3580
49950;Los Angeles Dodgers;2004;3440814.85;0.5741
49951;Milwaukee Brewers;2004;1101140.00;0.4161
49952;Minnesota Twins;2004;2060961.54;0.5679
49953;Montreal Expos;2004;1410258.62;0.4136
49954;New York Yankees;2004;6351515.52;0.6235
49955;New York Mets;2004;3452177.50;0.4383
49956;Oakland Athletics;2004;2122345.25;0.5617
49957;Philadelphia Phillies;2004;3573814.12;0.5309
49958;Pittsburgh Pirates;2004;1193627.00;0.4472
49959;San Diego Padres;2004;2130185.88;0.5370
49960;Seattle Mariners;2004;2911279.79;0.3889
49961;San Francisco Giants;2004;2645779.55;0.5617
49962;St. Louis Cardinals;2004;3201089.73;0.6481
49963;Tampa Bay Devil Rays;2004;1094691.37;0.4348
49964;Texas Rangers;2004;1898290.24;0.5494
49965;Toronto Blue Jays;2004;1923730.77;0.4161
49966;Arizona Diamondbacks;2005;2308487.63;0.4753
49967;Atlanta Braves;2005;3458292.08;0.5556
49968;Baltimore Orioles;2005;2639797.61;0.4568
49969;Boston Red Sox;2005;4410897.32;0.5864
49970;Chicago White Sox;2005;2784370.37;0.6111
49971;Chicago Cubs;2005;3108319.04;0.4877
49972;Cincinnati Reds;2005;2063086.10;0.4506
49973;Cleveland Indians;2005;1431120.69;0.5741
49974;Colorado Rockies;2005;1649620.69;0.4136
49975;Detroit Tigers;2005;2467571.43;0.4383
49976;Florida Marlins;2005;2237364.22;0.5123
49977;Houston Astros;2005;2953038.46;0.5494
49978;Kansas City Royals;2005;1365962.96;0.3457
49979;Los Angeles Angels of Anaheim;2005;3271304.21;0.5864
49980;Los Angeles Dodgers;2005;2767966.67;0.4383
49981;Milwaukee Brewers;2005;1597393.32;0.5000
49982;Minnesota Twins;2005;2080962.96;0.5123
49983;New York Yankees;2005;8011800.65;0.5864
49984;New York Mets;2005;3752067.44;0.5123
49985;Oakland Athletics;2005;2131760.08;0.5432
49986;Philadelphia Phillies;2005;3673923.08;0.5432
49987;Pittsburgh Pirates;2005;1361892.86;0.4136
49988;San Diego Padres;2005;2260386.89;0.5062
49989;Seattle Mariners;2005;2742322.94;0.4259
49990;San Francisco Giants;2005;3469211.54;0.4630
49991;St. Louis Cardinals;2005;3542570.50;0.6173
49992;Tampa Bay Devil Rays;2005;1023416.10;0.4136
49993;Texas Rangers;2005;1801580.65;0.4877
49994;Toronto Blue Jays;2005;1758442.31;0.4938
49995;Washington Nationals;2005;1619383.33;0.5000
49996;Arizona Diamondbacks;2006;2295547.15;0.4691
49997;Atlanta Braves;2006;3108857.79;0.4877
49998;Baltimore Orioles;2006;2592342.21;0.4321
49999;Boston Red Sox;2006;4448141.63;0.5309
50000;Chicago White Sox;2006;3951948.73;0.5556
50001;Chicago Cubs;2006;3372303.54;0.4074
50002;Cincinnati Reds;2006;2175339.96;0.4938
50003;Cleveland Indians;2006;2241260.00;0.4815
50004;Colorado Rockies;2006;1288531.25;0.4691
50005;Detroit Tigers;2006;2950459.50;0.5864
50006;Florida Marlins;2006;586860.00;0.4815
50007;Houston Astros;2006;3547777.40;0.5062
50008;Kansas City Royals;2006;1630827.59;0.3827
50009;Los Angeles Angels of Anaheim;2006;4138880.00;0.5494
50010;Los Angeles Dodgers;2006;3515970.96;0.5432
50011;Milwaukee Brewers;2006;2214166.65;0.4630
50012;Minnesota Twins;2006;2438307.92;0.5926
50013;New York Yankees;2006;6952252.82;0.5988
50014;New York Mets;2006;3743887.52;0.5988
50015;Oakland Athletics;2006;2489723.16;0.5741
50016;Philadelphia Phillies;2006;3269382.70;0.5247
50017;Pittsburgh Pirates;2006;1668491.07;0.4136
50018;San Diego Padres;2006;2496290.75;0.5432
50019;Seattle Mariners;2006;3257771.59;0.4815
50020;San Francisco Giants;2006;3463708.42;0.4720
50021;St. Louis Cardinals;2006;3292273.00;0.5155
50022;Tampa Bay Devil Rays;2006;1293258.04;0.3765
50023;Texas Rangers;2006;2200924.58;0.4938
50024;Toronto Blue Jays;2006;2744807.69;0.5370
50025;Washington Nationals;2006;2036870.97;0.4383
50026;Arizona Diamondbacks;2007;1859555.21;0.5556
50027;Atlanta Braves;2007;3117529.75;0.5185
50028;Baltimore Orioles;2007;3450918.81;0.4259
50029;Boston Red Sox;2007;5108079.07;0.5926
50030;Chicago White Sox;2007;4179685.88;0.4444
50031;Chicago Cubs;2007;3691493.78;0.5247
50032;Cincinnati Reds;2007;2210483.23;0.4444
50033;Cleveland Indians;2007;2126664.38;0.5926
50034;Colorado Rockies;2007;2078500.00;0.5521
50035;Detroit Tigers;2007;3268978.24;0.5432
50036;Florida Marlins;2007;984096.77;0.4383
50037;Houston Astros;2007;3250333.33;0.4506
50038;Kansas City Royals;2007;2165048.39;0.4259
50039;Los Angeles Angels of Anaheim;2007;3641711.10;0.5802
50040;Los Angeles Dodgers;2007;3739811.17;0.5062
50041;Milwaukee Brewers;2007;2629129.63;0.5123
50042;Minnesota Twins;2007;2551410.71;0.4877
50043;New York Yankees;2007;6759251.61;0.5802
50044;New York Mets;2007;3841055.43;0.5432
50045;Oakland Athletics;2007;2834533.57;0.4691
50046;Philadelphia Phillies;2007;2980940.43;0.5494
50047;Pittsburgh Pirates;2007;1427327.15;0.4198
50048;San Diego Padres;2007;2235021.81;0.5460
50049;Seattle Mariners;2007;3942993.81;0.5432
50050;San Francisco Giants;2007;3469963.69;0.4383
50051;St. Louis Cardinals;2007;3224529.39;0.4815
50052;Tampa Bay Devil Rays;2007;893462.96;0.4074
50053;Texas Rangers;2007;2439952.68;0.4630
50054;Toronto Blue Jays;2007;3034918.52;0.5123
50055;Washington Nationals;2007;1319553.57;0.4506
50056;Arizona Diamondbacks;2008;2364382.57;0.5062
50057;Atlanta Braves;2008;3412189.43;0.4444
50058;Baltimore Orioles;2008;2099882.69;0.4224
50059;Boston Red Sox;2008;4763929.82;0.5864
50060;Chicago White Sox;2008;4488493.78;0.5460
50061;Chicago Cubs;2008;4383179.00;0.6025
50062;Cincinnati Reds;2008;2647060.54;0.4568
50063;Cleveland Indians;2008;3037310.23;0.5000
50064;Colorado Rockies;2008;2640596.15;0.4568
50065;Detroit Tigers;2008;4589506.53;0.4568
50066;Florida Marlins;2008;660954.55;0.5217
50067;Houston Astros;2008;3293719.04;0.5342
50068;Kansas City Royals;2008;2240211.54;0.4630
50069;Los Angeles Angels of Anaheim;2008;4110908.03;0.6173
50070;Los Angeles Dodgers;2008;4089259.86;0.5185
50071;Milwaukee Brewers;2008;2790948.24;0.5556
50072;Minnesota Twins;2008;2277310.64;0.5399
50073;New York Yankees;2008;6929892.97;0.5494
50074;New York Mets;2008;4593112.53;0.5494
50075;Oakland Athletics;2008;1713111.64;0.4658
50076;Philadelphia Phillies;2008;3495710.00;0.5679
50077;Pittsburgh Pirates;2008;1872683.96;0.4136
50078;San Diego Padres;2008;2376697.29;0.3889
50079;Seattle Mariners;2008;4525633.92;0.3765
50080;San Francisco Giants;2008;2641189.66;0.4444
50081;St. Louis Cardinals;2008;3018922.70;0.5309
50082;Tampa Bay Rays;2008;1460686.57;0.5988
50083;Texas Rangers;2008;2334907.79;0.4877
50084;Toronto Blue Jays;2008;3621996.30;0.5309
50085;Washington Nationals;2008;1895206.90;0.3665
50086;Arizona Diamondbacks;2009;2812141.00;0.4321
50087;Atlanta Braves;2009;3335385.03;0.5309
50088;Baltimore Orioles;2009;2580833.31;0.3951
50089;Boston Red Sox;2009;4184344.79;0.5864
50090;Chicago White Sox;2009;3694942.31;0.4877
50091;Chicago Cubs;2009;5392360.00;0.5155
50092;Cincinnati Reds;2009;3198195.65;0.4815
50093;Cleveland Indians;2009;3021450.59;0.4012
50094;Colorado Rockies;2009;2785222.22;0.5679
50095;Detroit Tigers;2009;4110183.75;0.5276
50096;Florida Marlins;2009;1315500.00;0.5370
50097;Houston Astros;2009;3814682.00;0.4568
50098;Kansas City Royals;2009;2712282.04;0.4012
50099;Los Angeles Angels of Anaheim;2009;4061035.71;0.5988
50100;Los Angeles Dodgers;2009;4016583.68;0.5864
50101;Milwaukee Brewers;2009;3083942.38;0.4938
50102;Minnesota Twins;2009;2251698.83;0.5337
50103;New York Yankees;2009;7748045.73;0.6358
50104;New York Mets;2009;5334785.25;0.4321
50105;Oakland Athletics;2009;2292962.96;0.4630
50106;Philadelphia Phillies;2009;4185335.04;0.5741
50107;Pittsburgh Pirates;2009;1872807.69;0.3851
50108;San Diego Padres;2009;1604951.85;0.4630
50109;Seattle Mariners;2009;3532291.64;0.5247
50110;San Francisco Giants;2009;2965230.36;0.5432
50111;St. Louis Cardinals;2009;3278829.96;0.5617
50112;Tampa Bay Rays;2009;2183208.07;0.5185
50113;Texas Rangers;2009;2350993.03;0.5370
50114;Toronto Blue Jays;2009;2876367.86;0.4630
50115;Washington Nationals;2009;2140285.71;0.3642
50116;Arizona Diamondbacks;2010;2335314.08;0.4012
50117;Atlanta Braves;2010;3126802.44;0.5617
50118;Baltimore Orioles;2010;3138942.31;0.4074
50119;Boston Red Sox;2010;5601632.17;0.5494
50120;Chicago White Sox;2010;4058846.15;0.5432
50121;Chicago Cubs;2010;5429962.96;0.4630
50122;Cincinnati Reds;2010;2760059.31;0.5617
50123;Cleveland Indians;2010;2110481.59;0.4259
50124;Colorado Rockies;2010;2904379.31;0.5123
50125;Detroit Tigers;2010;4550552.89;0.5000
50126;Florida Marlins;2010;2112211.81;0.4938
50127;Houston Astros;2010;3298410.71;0.4691
50128;Kansas City Royals;2010;2644637.41;0.4136
50129;Los Angeles Angels of Anaheim;2010;3619443.66;0.4938
50130;Los Angeles Dodgers;2010;3531778.37;0.4938
50131;Milwaukee Brewers;2010;2796837.17;0.4753
50132;Minnesota Twins;2010;3484255.93;0.5802
50133;New York Yankees;2010;8253335.56;0.5864
50134;New York Mets;2010;4800819.36;0.4877
50135;Oakland Athletics;2010;1726715.63;0.5000
50136;Philadelphia Phillies;2010;5068870.68;0.5988
50137;Pittsburgh Pirates;2010;1294185.19;0.3519
50138;San Diego Padres;2010;1453819.23;0.5556
50139;Seattle Mariners;2010;3089642.86;0.3765
50140;San Francisco Giants;2010;3522904.75;0.5679
50141;St. Louis Cardinals;2010;3741630.04;0.5309
50142;Tampa Bay Rays;2010;2663832.26;0.5926
50143;Texas Rangers;2010;1905191.17;0.5556
50144;Toronto Blue Jays;2010;2074466.67;0.5247
50145;Washington Nationals;2010;2046666.67;0.4259
50146;Arizona Diamondbacks;2011;1986660.48;0.5802
50147;Atlanta Braves;2011;3346257.38;0.5494
50148;Baltimore Orioles;2011;3280924.54;0.4259
50149;Boston Red Sox;2011;5991202.78;0.5556
50150;Chicago White Sox;2011;4732925.93;0.4877
50151;Chicago Cubs;2011;5001893.16;0.4383
50152;Cincinnati Reds;2011;2531571.13;0.4877
50153;Cleveland Indians;2011;1681950.55;0.4938
50154;Colorado Rockies;2011;3390310.42;0.4506
50155;Detroit Tigers;2011;3914823.37;0.5864
50156;Florida Marlins;2011;2190153.85;0.4444
50157;Houston Astros;2011;2437724.14;0.3457
50158;Kansas City Royals;2011;1373538.46;0.4383
50159;Los Angeles Angels of Anaheim;2011;4469134.39;0.5309
50160;Los Angeles Dodgers;2011;3472966.63;0.5093
50161;Milwaukee Brewers;2011;2849911.10;0.5926
50162;Minnesota Twins;2011;4509480.00;0.3889
50163;New York Yankees;2011;6975000.97;0.5988
50164;New York Mets;2011;4401752.19;0.4753
50165;Oakland Athletics;2011;2376303.57;0.4568
50166;Philadelphia Phillies;2011;5765879.30;0.6296
50167;Pittsburgh Pirates;2011;1553344.83;0.4444
50168;San Diego Padres;2011;1479649.68;0.4383
50169;Seattle Mariners;2011;2969331.03;0.4136
50170;San Francisco Giants;2011;4377716.04;0.5309
50171;St. Louis Cardinals;2011;3904947.11;0.5556
50172;Tampa Bay Rays;2011;1578983.50;0.5617
50173;Texas Rangers;2011;3182733.24;0.5926
50174;Toronto Blue Jays;2011;2018316.13;0.5000
50175;Washington Nationals;2011;2201963.03;0.4969
50176;Arizona Diamondbacks;2012;2733512.33;0.5000
50177;Atlanta Braves;2012;2856204.90;0.5802
50178;Baltimore Orioles;2012;2762642.82;0.5741
50179;Boston Red Sox;2012;5093724.03;0.4259
50180;Chicago White Sox;2012;3876780.00;0.5247
50181;Chicago Cubs;2012;3392193.58;0.3765
50182;Cincinnati Reds;2012;2935843.43;0.5988
50183;Cleveland Indians;2012;2704493.10;0.4198
50184;Colorado Rockies;2012;2692054.17;0.3951
50185;Detroit Tigers;2012;4562068.97;0.5432
50186;Houston Astros;2012;2332730.77;0.3395
50187;Kansas City Royals;2012;2030540.83;0.4444
50188;Los Angeles Angels of Anaheim;2012;5327074.69;0.5494
50189;Los Angeles Dodgers;2012;3171452.50;0.5309
50190;Miami Marlins;2012;4373259.26;0.4259
50191;Milwaukee Brewers;2012;3755920.92;0.5123
50192;Minnesota Twins;2012;3484629.63;0.4074
50193;New York Yankees;2012;6776630.66;0.5864
50194;New York Mets;2012;3457554.93;0.4568
50195;Oakland Athletics;2012;1845750.00;0.5802
50196;Philadelphia Phillies;2012;5817964.60;0.5000
50197;Pittsburgh Pirates;2012;2248285.68;0.4877
50198;San Diego Padres;2012;1973025.00;0.4691
50199;Seattle Mariners;2012;2927789.29;0.4630
50200;San Francisco Giants;2012;3920689.43;0.5802
50201;St. Louis Cardinals;2012;3939316.50;0.5432
50202;Tampa Bay Rays;2012;2291910.71;0.5556
50203;Texas Rangers;2012;4635037.46;0.5741
50204;Toronto Blue Jays;2012;2778118.52;0.4506
50205;Washington Nationals;2012;2695171.43;0.6049
50206;Arizona Diamondbacks;2013;3004400.00;0.5000
50207;Atlanta Braves;2013;3254500.93;0.5926
50208;Baltimore Orioles;2013;3245897.42;0.5247
50209;Boston Red Sox;2013;5225172.41;0.5988
50210;Chicago White Sox;2013;4288045.61;0.3889
50211;Chicago Cubs;2013;3867989.46;0.4074
50212;Cincinnati Reds;2013;4256178.48;0.5556
50213;Cleveland Indians;2013;2706135.71;0.5679
50214;Colorado Rockies;2013;2976362.84;0.4568
50215;Detroit Tigers;2013;6082895.83;0.5741
50216;Houston Astros;2013;813213.64;0.3148
50217;Kansas City Royals;2013;2966360.19;0.5309
50218;Los Angeles Angels of Anaheim;2013;4775951.92;0.4815
50219;Los Angeles Dodgers;2013;6980068.63;0.5679
50220;Miami Marlins;2013;1400079.17;0.3827
50221;Milwaukee Brewers;2013;3077881.32;0.4568
50222;Minnesota Twins;2013;2790277.78;0.4074
50223;New York Yankees;2013;7483189.87;0.5247
50224;New York Mets;2013;1648278.20;0.4568
50225;Oakland Athletics;2013;1939758.06;0.5926
50226;Philadelphia Phillies;2013;6533199.58;0.4506
50227;Pittsburgh Pirates;2013;2752214.29;0.5802
50228;San Diego Padres;2013;2342339.29;0.4691
50229;Seattle Mariners;2013;2846347.81;0.4383
50230;San Francisco Giants;2013;5006440.50;0.4691
50231;St. Louis Cardinals;2013;3295003.93;0.5988
50232;Tampa Bay Rays;2013;2302403.13;0.5644
50233;Texas Rangers;2013;3880089.66;0.5583
50234;Toronto Blue Jays;2013;4073809.68;0.4568
50235;Washington Nationals;2013;4548130.80;0.5309
50236;Arizona Diamondbacks;2014;3763903.85;0.3951
50237;Atlanta Braves;2014;4067041.67;0.4877
50238;Baltimore Orioles;2014;3693428.57;0.5926
50239;Boston Red Sox;2014;4484513.84;0.4383
50240;Chicago White Sox;2014;3409604.17;0.4506
50241;Chicago Cubs;2014;2426759.26;0.4506
50242;Cincinnati Reds;2014;3864910.71;0.4691
50243;Cleveland Indians;2014;3159688.42;0.5247
50244;Colorado Rockies;2014;3180116.67;0.4074
50245;Detroit Tigers;2014;6645891.30;0.5556
50246;Houston Astros;2014;1755815.00;0.4321
50247;Kansas City Royals;2014;2983763.00;0.5494
50248;Los Angeles Angels of Anaheim;2014;4518083.33;0.6049
50249;Los Angeles Dodgers;2014;6781706.25;0.5802
50250;Miami Marlins;2014;1549514.81;0.4753
50251;Milwaukee Brewers;2014;3748777.78;0.5062
50252;Minnesota Twins;2014;3102314.81;0.4321
50253;New York Yankees;2014;8230996.13;0.5185
50254;New York Mets;2014;3168777.41;0.4877
50255;Oakland Athletics;2014;2784938.46;0.5432
50256;Philadelphia Phillies;2014;5654530.22;0.4506
50257;Pittsburgh Pirates;2014;2756357.14;0.5432
50258;San Diego Padres;2014;2703060.71;0.4753
50259;Seattle Mariners;2014;3701244.00;0.5370
50260;San Francisco Giants;2014;5839648.82;0.5432
50261;St. Louis Cardinals;2014;4310464.29;0.5556
50262;Tampa Bay Rays;2014;2907564.00;0.4753
50263;Texas Rangers;2014;4677294.13;0.4136
50264;Toronto Blue Jays;2014;4396804.00;0.5123
50265;Washington Nationals;2014;4399456.00;0.5926
50266;Arizona Diamondbacks;2015;2132206.90;0.4877
50267;Atlanta Braves;2015;2990885.42;0.4136
50268;Baltimore Orioles;2015;4108744.04;0.5000
50269;Boston Red Sox;2015;5659481.25;0.4815
50270;Chicago White Sox;2015;4161988.89;0.4691
50271;Chicago Cubs;2015;4138546.79;0.5988
50272;Cincinnati Reds;2015;4187862.44;0.3951
50273;Cleveland Indians;2015;3022888.48;0.5031
50274;Colorado Rockies;2015;3827544.00;0.4198
50275;Detroit Tigers;2015;6891390.00;0.4596
50276;Houston Astros;2015;2580578.57;0.5309
50277;Kansas City Royals;2015;4152112.04;0.5864
50278;Los Angeles Angels of Anaheim;2015;4444645.00;0.5247
50279;Los Angeles Dodgers;2015;7441103.45;0.5679
50280;Miami Marlins;2015;2835687.50;0.4383
50281;Milwaukee Brewers;2015;3477586.21;0.4198
50282;Minnesota Twins;2015;4310200.00;0.5123
50283;New York Yankees;2015;7336274.38;0.5370
50284;New York Mets;2015;3870667.32;0.5556
50285;Oakland Athletics;2015;2823339.32;0.4198
50286;Philadelphia Phillies;2015;4295884.62;0.3889
50287;Pittsburgh Pirates;2015;3065258.59;0.6049
50288;San Diego Padres;2015;4555434.62;0.4568
50289;Seattle Mariners;2015;4888348.00;0.4691
50290;San Francisco Giants;2015;6100055.56;0.5185
50291;St. Louis Cardinals;2015;4586211.54;0.6173
50292;Tampa Bay Rays;2015;2224870.10;0.4938
50293;Texas Rangers;2015;4791426.30;0.5432
50294;Toronto Blue Jays;2015;4519696.00;0.5741
50295;Washington Nationals;2015;5365085.24;0.5123
50296;Arizona Diamondbacks;2016;3363040.88;0.4259
50297;Atlanta Braves;2016;2362010.03;0.4224
50298;Baltimore Orioles;2016;5581498.48;0.5494
50299;Boston Red Sox;2016;6501577.97;0.5741
50300;Chicago White Sox;2016;4519946.68;0.4815
50301;Chicago Cubs;2016;5312678.21;0.6398
50302;Cincinnati Reds;2016;3066898.59;0.4198
50303;Cleveland Indians;2016;2752292.59;0.5839
50304;Colorado Rockies;2016;3413487.00;0.4630
50305;Detroit Tigers;2016;6286338.10;0.5342
50306;Houston Astros;2016;3389060.71;0.5185
50307;Kansas City Royals;2016;4534038.79;0.5000
50308;Los Angeles Angels of Anaheim;2016;5278897.42;0.4568
50309;Los Angeles Dodgers;2016;6322525.14;0.5617
50310;Miami Marlins;2016;2761221.50;0.4907
50311;Milwaukee Brewers;2016;2292507.90;0.4506
50312;Minnesota Twins;2016;4274300.00;0.3642
50313;New York Yankees;2016;7689579.03;0.5185
50314;New York Mets;2016;4958856.63;0.5370
50315;Oakland Athletics;2016;2893541.13;0.4259
50316;Philadelphia Phillies;2016;2033793.10;0.4383
50317;Pittsburgh Pirates;2016;3706386.89;0.4845
50318;San Diego Padres;2016;3756474.59;0.4198
50319;Seattle Mariners;2016;4845833.54;0.5309
50320;San Francisco Giants;2016;6890151.12;0.5370
50321;St. Louis Cardinals;2016;4614629.03;0.5309
50322;Tampa Bay Rays;2016;2039189.64;0.4198
50323;Texas Rangers;2016;6070300.79;0.5864
50324;Toronto Blue Jays;2016;4782817.24;0.5494
50325;Washington Nationals;2016;5448178.69;0.5864
